Month,Year,Product,Volume,FOB_value_000,"Avg_FOB
"
Jan,2015.00,Coconut Oil,297.00,1582.91,5330.00
Feb,2015.00,Coconut Oil,920.00,5155.27,5604.00
Mar,2015.00,Coconut Oil,858.00,4861.04,5666.00
Apr,2015.00,Coconut Oil,780.00,4549.35,5833.00
May,2015.00,Coconut Oil,847.00,5226.68,6171.00
Jun,2015.00,Coconut Oil,805.00,4023.98,4999.00
Jul,2015.00,Coconut Oil,849.00,4749.60,5594.00
Aug,2015.00,Coconut Oil,635.00,3546.89,5586.00
Sept,2015.00,Coconut Oil,836.00,3878.23,4639.00
Oct,2015.00,Coconut Oil,783.00,3674.82,4693.00
Nov,2015.00,Coconut Oil,496.00,2598.01,5238.00
Dec,2015.00,Coconut Oil,573.00,2665.36,4652.00
Jan,2016.00,Coconut Oil,559.00,2779.45,4972.00
Feb,2016.00,Coconut Oil,387.00,1497.03,3868.00
Mar,2016.00,Coconut Oil,654.00,2345.54,3586.00
Apr,2016.00,Coconut Oil,455.00,1521.13,3343.00
May,2016.00,Coconut Oil,593.00,2209.84,3727.00
Jun,2016.00,Coconut Oil,479.00,1890.00,3946.00
Jul,2016.00,Coconut Oil,630.00,2119.79,3365.00
Aug,2016.00,Coconut Oil,714.00,2588.82,3626.00
Sept,2016.00,Coconut Oil,678.00,2361.06,3482.00
Oct,2016.00,Coconut Oil,763.00,2549.69,3342.00
Nov,2016.00,Coconut Oil,567.00,2236.64,3945.00
Dec,2016.00,Coconut Oil,615.00,1981.16,3221.00
Jan,2017.00,Coconut Oil,593.00,2148.35,3623.00
Feb,2017.00,Coconut Oil,565.00,1966.08,3480.00
Mar,2017.00,Coconut Oil,832.00,3266.00,3925.00
Apr,2017.00,Coconut Oil,584.00,2108.70,3611.00
May,2017.00,Coconut Oil,482.00,1995.47,4140.00
Jun,2017.00,Coconut Oil,382.00,1706.70,4468.00
Jul,2017.00,Coconut Oil,680.00,2589.16,3808.00
Aug,2017.00,Coconut Oil,556.00,2169.14,3901.00
Sept,2017.00,Coconut Oil,453.00,1994.88,4402.00
Oct,2017.00,Coconut Oil,384.00,1657.53,4316.00
Nov,2017.00,Coconut Oil,535.00,2318.02,4333.00
Dec,2017.00,Coconut Oil,264.00,1118.88,4238.00
Jan,2018.00,Coconut Oil,329.00,1545.10,4696.00
Feb,2018.00,Coconut Oil,321.00,1516.98,4726.00
Mar,2018.00,Coconut Oil,491.00,2277.38,4638.00
Apr,2018.00,Coconut Oil,267.00,1231.20,4611.00
May,2018.00,Coconut Oil,415.00,1655.22,3992.00
Jun,2018.00,Coconut Oil,338.00,1494.61,4422.00
Jul,2018.00,Coconut Oil,311.00,1399.60,4500.00
Aug,2018.00,Coconut Oil,534.00,1941.01,3635.00
Sept,2018.00,Coconut Oil,465.00,1505.11,3237.00
Oct,2018.00,Coconut Oil,449.00,1513.56,3371.00
Nov,2018.00,Coconut Oil,329.00,1280.13,3891.00
Dec,2018.00,Coconut Oil,357.00,1300.09,3642.00
Jan,2019.00,Coconut Oil,323.00,910.57,2819.00
Feb,2019.00,Coconut Oil,127.00,558.57,4398.00
Mar,2019.00,Coconut Oil,296.00,984.58,3326.00
Apr,2019.00,Coconut Oil,234.00,767.00,3278.00
May,2019.00,Coconut Oil,323.00,1026.80,3179.00
Jun,2019.00,Coconut Oil,277.00,763.29,2756.00
Jul,2019.00,Coconut Oil,492.00,1085.64,2207.00
Aug,2019.00,Coconut Oil,262.00,730.88,2790.00
Sept,2019.00,Coconut Oil,308.00,911.26,2959.00
Oct,2019.00,Coconut Oil,298.00,690.84,2318.00
Nov,2019.00,Coconut Oil,340.00,945.21,2780.00
Dec,2019.00,Coconut Oil,776.00,1270.86,1638.00
Jan,2020.00,Coconut Oil,397.00,825.03,2077.00
Feb,2020.00,Coconut Oil,297.00,821.63,2766.00
Mar,2020.00,Coconut Oil,275.00,697.53,2536.00
Apr,2020.00,Coconut Oil,241.00,536.22,2225.00
May,2020.00,Coconut Oil,491.00,1204.79,2454.00
Jun,2020.00,Coconut Oil,439.00,1228.28,2798.00
Jul,2020.00,Coconut Oil,541.00,1709.54,3160.00
Aug,2020.00,Coconut Oil,629.00,1762.36,2802.00
Sept,2020.00,Coconut Oil,559.00,1634.04,2923.00
Oct,2020.00,Coconut Oil,563.00,1606.19,2853.00
Nov,2020.00,Coconut Oil,468.00,1401.57,2995.00
Dec,2020.00,Coconut Oil,280.00,804.26,2872.00
Jan,2021.00,Coconut Oil,211.00,747.13,3541.00
Feb,2021.00,Coconut Oil,344.00,990.89,2880.00
Mar,2021.00,Coconut Oil,348.00,1128.75,3244.00
Apr,2021.00,Coconut Oil,228.00,713.79,3131.00
May,2021.00,Coconut Oil,269.00,929.58,3456.00
Jun,2021.00,Coconut Oil,496.00,1349.27,2720.00
Jul,2021.00,Coconut Oil,311.00,1011.76,3253.00
Aug,2021.00,Coconut Oil,257.00,862.09,3354.00
Sept,2021.00,Coconut Oil,164.00,576.16,3513.00
Oct,2021.00,Coconut Oil,504.00,1410.66,2799.00
Nov,2021.00,Coconut Oil,405.00,1079.84,2666.00
Dec,2021.00,Coconut Oil,288.00,861.61,2992.00
Jan,2022.00,Coconut Oil,254.00,667.04,2626.00
Feb,2022.00,Coconut Oil,220.00,580.75,2640.00
Mar,2022.00,Coconut Oil,507.00,1365.13,2693.00
Apr,2022.00,Coconut Oil,211.00,584.27,2769.00
May,2022.00,Coconut Oil,616.00,1744.20,2831.00
Jun,2022.00,Coconut Oil,824.00,2144.82,2603.00
Jul,2022.00,Coconut Oil,509.00,1403.39,2757.00
Aug,2022.00,Coconut Oil,295.00,766.28,2598.00
Sept,2022.00,Coconut Oil,345.00,830.46,2407.00
Oct,2022.00,Coconut Oil,354.00,823.99,2328.00
Nov,2022.00,Coconut Oil,328.00,712.61,2173.00
Dec,2022.00,Coconut Oil,249.00,613.22,2463.00
Jan,2023.00,Coconut Oil,396.00,723.30,1825.00
Feb,2023.00,Coconut Oil,607.00,1233.43,2031.00
Mar,2023.00,Coconut Oil,417.00,918.95,2206.00
Apr,2023.00,Coconut Oil,300.00,673.34,2241.00
May,2023.00,Coconut Oil,558.00,1251.73,2243.00
Jun,2023.00,Coconut Oil,323.00,737.42,2285.00
Jul,2023.00,Coconut Oil,498.00,1021.80,2054.00
Aug,2023.00,Coconut Oil,366.00,804.51,2197.00
Sept,2023.00,Coconut Oil,624.00,1467.09,2350.00
Oct,2023.00,Coconut Oil,456.00,1000.75,2193.00
Nov,2023.00,Coconut Oil,506.00,1060.36,2097.00
Dec,2023.00,Coconut Oil,466.00,942.17,2021.00
Jan,2024.00,Coconut Oil,661.00,1497.58,2264.00
Feb,2024.00,Coconut Oil,486.00,1138.90,2345.00
Mar,2024.00,Coconut Oil,767.00,1729.39,2255.00
Apr,2024.00,Coconut Oil,301.00,700.17,2329.00
May,2024.00,Coconut Oil,436.00,960.21,2201.00
Jun,2024.00,Coconut Oil,539.00,1227.69,2277.00
Jul,2024.00,Coconut Oil,822.00,1881.64,2289.00
Aug,2024.00,Coconut Oil,765.00,1795.79,2348.00
Sept,2024.00,Coconut Oil,768.00,1730.62,2253.00
Oct,2024.00,Coconut Oil,567.00,1427.84,2520.00
Nov,2024.00,Coconut Oil,656.00,1779.56,2714.00
Dec,2024.00,Coconut Oil,624.00,2430.37,3895.00
Jan,2015.00,Virgin Coconut Oil,900.00,4980.57,5534.00
Feb,2015.00,Virgin Coconut Oil,1166.00,6949.98,5961.00
Mar,2015.00,Virgin Coconut Oil,1404.00,8359.69,5954.00
Apr,2015.00,Virgin Coconut Oil,1010.00,5956.37,5897.00
May,2015.00,Virgin Coconut Oil,1359.00,7849.29,5776.00
Jun,2015.00,Virgin Coconut Oil,1162.00,6821.45,5870.00
Jul,2015.00,Virgin Coconut Oil,939.00,6160.24,6560.00
Aug,2015.00,Virgin Coconut Oil,1146.00,6135.69,5354.00
Sept,2015.00,Virgin Coconut Oil,1163.00,5883.72,5059.00
Oct,2015.00,Virgin Coconut Oil,1031.00,5156.66,5002.00
Nov,2015.00,Virgin Coconut Oil,1012.00,4938.56,4880.00
Dec,2015.00,Virgin Coconut Oil,1061.00,5387.74,5078.00
Jan,2016.00,Virgin Coconut Oil,716.00,3473.94,4852.00
Feb,2016.00,Virgin Coconut Oil,879.00,4261.33,4848.00
Mar,2016.00,Virgin Coconut Oil,1257.00,5828.20,4637.00
Apr,2016.00,Virgin Coconut Oil,932.00,4367.03,4686.00
May,2016.00,Virgin Coconut Oil,1077.00,4644.24,4312.00
Jun,2016.00,Virgin Coconut Oil,1654.00,7350.34,4444.00
Jul,2016.00,Virgin Coconut Oil,1608.00,6608.61,4110.00
Aug,2016.00,Virgin Coconut Oil,1553.00,6535.18,4208.00
Sept,2016.00,Virgin Coconut Oil,1732.00,7215.14,4166.00
Oct,2016.00,Virgin Coconut Oil,1330.00,5624.37,4229.00
Nov,2016.00,Virgin Coconut Oil,1323.00,5531.18,4181.00
Dec,2016.00,Virgin Coconut Oil,1524.00,6441.31,4227.00
Jan,2017.00,Virgin Coconut Oil,1238.00,5791.45,4678.00
Feb,2017.00,Virgin Coconut Oil,946.00,4411.11,4663.00
Mar,2017.00,Virgin Coconut Oil,1489.00,7173.64,4818.00
Apr,2017.00,Virgin Coconut Oil,866.00,4378.26,5056.00
May,2017.00,Virgin Coconut Oil,976.00,4837.00,4956.00
Jun,2017.00,Virgin Coconut Oil,1233.00,6200.28,5029.00
Jul,2017.00,Virgin Coconut Oil,1495.00,7793.26,5213.00
Aug,2017.00,Virgin Coconut Oil,1432.00,7173.22,5009.00
Sept,2017.00,Virgin Coconut Oil,1226.00,6261.90,5108.00
Oct,2017.00,Virgin Coconut Oil,1156.00,5990.39,5182.00
Nov,2017.00,Virgin Coconut Oil,952.00,4944.18,5193.00
Dec,2017.00,Virgin Coconut Oil,807.00,4487.80,5561.00
Jan,2018.00,Virgin Coconut Oil,872.00,4741.66,5438.00
Feb,2018.00,Virgin Coconut Oil,819.00,4581.24,5594.00
Mar,2018.00,Virgin Coconut Oil,1114.00,6004.02,5390.00
Apr,2018.00,Virgin Coconut Oil,855.00,4671.39,5464.00
May,2018.00,Virgin Coconut Oil,963.00,4711.15,4892.00
Jun,2018.00,Virgin Coconut Oil,989.00,4826.64,4880.00
Jul,2018.00,Virgin Coconut Oil,1061.00,5589.30,5268.00
Aug,2018.00,Virgin Coconut Oil,1074.00,5128.42,4775.00
Sept,2018.00,Virgin Coconut Oil,1086.00,5165.62,4757.00
Oct,2018.00,Virgin Coconut Oil,1374.00,5700.89,4149.00
Nov,2018.00,Virgin Coconut Oil,866.00,3530.61,4077.00
Dec,2018.00,Virgin Coconut Oil,933.00,4168.10,4467.00
Jan,2019.00,Virgin Coconut Oil,,,
Feb,2019.00,Virgin Coconut Oil,,,
Mar,2019.00,Virgin Coconut Oil,,,
Apr,2019.00,Virgin Coconut Oil,,,
May,2019.00,Virgin Coconut Oil,,,
Jun,2019.00,Virgin Coconut Oil,,,
Jul,2019.00,Virgin Coconut Oil,,,
Aug,2019.00,Virgin Coconut Oil,,,
Sept,2019.00,Virgin Coconut Oil,,,
Oct,2019.00,Virgin Coconut Oil,,,
Nov,2019.00,Virgin Coconut Oil,,,
Dec,2019.00,Virgin Coconut Oil,,,
Jan,2020.00,Virgin Coconut Oil,881.00,3831.44,4349.00
Feb,2020.00,Virgin Coconut Oil,785.00,3542.61,4513.00
Mar,2020.00,Virgin Coconut Oil,572.00,2337.66,4087.00
Apr,2020.00,Virgin Coconut Oil,540.00,2190.94,4057.00
May,2020.00,Virgin Coconut Oil,1080.00,4667.87,4322.00
Jun,2020.00,Virgin Coconut Oil,1418.00,6126.05,4320.00
Jul,2020.00,Virgin Coconut Oil,1825.00,7653.57,4194.00
Aug,2020.00,Virgin Coconut Oil,1690.00,7330.66,4338.00
Sept,2020.00,Virgin Coconut Oil,1889.00,8371.12,4432.00
Oct,2020.00,Virgin Coconut Oil,1491.00,6917.43,4639.00
Nov,2020.00,Virgin Coconut Oil,1305.00,5932.74,4546.00
Dec,2020.00,Virgin Coconut Oil,1108.00,5533.17,4994.00
Jan,2021.00,Virgin Coconut Oil,654.00,3472.26,5309.00
Feb,2021.00,Virgin Coconut Oil,918.00,4744.61,5168.00
Mar,2021.00,Virgin Coconut Oil,1361.00,7189.03,5282.00
Apr,2021.00,Virgin Coconut Oil,896.00,4527.50,5053.00
May,2021.00,Virgin Coconut Oil,1107.00,5651.90,5106.00
Jun,2021.00,Virgin Coconut Oil,1404.00,6831.18,4866.00
Jul,2021.00,Virgin Coconut Oil,1395.00,7463.77,5350.00
Aug,2021.00,Virgin Coconut Oil,1444.00,6848.80,4743.00
Sept,2021.00,Virgin Coconut Oil,1359.00,6283.98,4624.00
Oct,2021.00,Virgin Coconut Oil,1290.00,5937.55,4603.00
Nov,2021.00,Virgin Coconut Oil,1860.00,8984.53,4830.00
Dec,2021.00,Virgin Coconut Oil,1272.00,6039.89,4748.00
Jan,2022.00,Virgin Coconut Oil,1015.00,4893.60,4821.00
Feb,2022.00,Virgin Coconut Oil,951.00,4698.62,4941.00
Mar,2022.00,Virgin Coconut Oil,1220.00,5494.16,4503.00
Apr,2022.00,Virgin Coconut Oil,1482.00,6822.13,4603.00
May,2022.00,Virgin Coconut Oil,1228.00,5644.19,4596.00
Jun,2022.00,Virgin Coconut Oil,1875.00,7391.71,3942.00
Jul,2022.00,Virgin Coconut Oil,1236.00,5196.31,4204.00
Aug,2022.00,Virgin Coconut Oil,1444.00,5937.13,4112.00
Sept,2022.00,Virgin Coconut Oil,1274.00,4579.50,3595.00
Oct,2022.00,Virgin Coconut Oil,1146.00,4334.89,3783.00
Nov,2022.00,Virgin Coconut Oil,978.00,3679.56,3762.00
Dec,2022.00,Virgin Coconut Oil,1116.00,4191.72,3756.00
Jan,2023.00,Virgin Coconut Oil,811.00,3126.85,3856.00
Feb,2023.00,Virgin Coconut Oil,1128.00,4614.83,4090.00
Mar,2023.00,Virgin Coconut Oil,1045.00,4137.91,3959.00
Apr,2023.00,Virgin Coconut Oil,1011.00,3996.32,3953.00
May,2023.00,Virgin Coconut Oil,1303.00,4848.04,3719.00
Jun,2023.00,Virgin Coconut Oil,1213.00,4477.74,3692.00
Jul,2023.00,Virgin Coconut Oil,1319.00,4725.14,3582.00
Aug,2023.00,Virgin Coconut Oil,1422.00,5218.88,3671.00
Sept,2023.00,Virgin Coconut Oil,1496.00,5493.62,3673.00
Oct,2023.00,Virgin Coconut Oil,1373.00,4698.81,3423.00
Nov,2023.00,Virgin Coconut Oil,1497.00,5421.39,3622.00
Dec,2023.00,Virgin Coconut Oil,1110.00,4298.50,3872.00
Jan,2024.00,Virgin Coconut Oil,1101.00,3884.26,3528.00
Feb,2024.00,Virgin Coconut Oil,1284.00,4454.08,3469.00
Mar,2024.00,Virgin Coconut Oil,1481.00,5463.02,3688.00
Apr,2024.00,Virgin Coconut Oil,1256.00,4859.96,3871.00
May,2024.00,Virgin Coconut Oil,1259.00,4503.90,3579.00
Jun,2024.00,Virgin Coconut Oil,1564.00,5986.56,3827.00
Jul,2024.00,Virgin Coconut Oil,1393.00,5301.51,3805.00
Aug,2024.00,Virgin Coconut Oil,1915.00,7477.63,3906.00
Sept,2024.00,Virgin Coconut Oil,1373.00,5627.50,4100.00
Oct,2024.00,Virgin Coconut Oil,1424.00,6050.32,4249.00
Nov,2024.00,Virgin Coconut Oil,1074.00,5240.95,4881.00
Dec,2024.00,Virgin Coconut Oil,1092.00,5897.68,5402.00
Jan,2015.00,Dessicated Coconut,1597.00,4386.86,2747.00
Feb,2015.00,Dessicated Coconut,1970.00,5755.95,2922.00
Mar,2015.00,Dessicated Coconut,2127.00,6189.31,2910.00
Apr,2015.00,Dessicated Coconut,2164.00,6592.68,3047.00
May,2015.00,Dessicated Coconut,2798.00,8210.93,2935.00
Jun,2015.00,Dessicated Coconut,3258.00,9283.58,2849.00
Jul,2015.00,Dessicated Coconut,3533.00,9072.35,2568.00
Aug,2015.00,Dessicated Coconut,3082.00,7866.19,2552.00
Sept,2015.00,Dessicated Coconut,4437.00,10571.67,2383.00
Oct,2015.00,Dessicated Coconut,4169.00,9409.27,2257.00
Nov,2015.00,Dessicated Coconut,3459.00,7594.36,2196.00
Dec,2015.00,Dessicated Coconut,3537.00,7540.08,2132.00
Jan,2016.00,Dessicated Coconut,2970.00,6345.37,2136.00
Feb,2016.00,Dessicated Coconut,3494.00,7101.90,2033.00
Mar,2016.00,Dessicated Coconut,4487.00,9190.92,2048.00
Apr,2016.00,Dessicated Coconut,3926.00,8144.51,2075.00
May,2016.00,Dessicated Coconut,4210.00,8972.05,2131.00
Jun,2016.00,Dessicated Coconut,4354.00,9428.22,2165.00
Jul,2016.00,Dessicated Coconut,4393.00,9409.93,2142.00
Aug,2016.00,Dessicated Coconut,4669.00,9758.29,2090.00
Sept,2016.00,Dessicated Coconut,4605.00,9879.56,2145.00
Oct,2016.00,Dessicated Coconut,4585.00,10087.50,2200.00
Nov,2016.00,Dessicated Coconut,3972.00,9003.99,2267.00
Dec,2016.00,Dessicated Coconut,3541.00,8309.28,2347.00
Jan,2017.00,Dessicated Coconut,2941.00,7068.84,2404.00
Feb,2017.00,Dessicated Coconut,2655.00,7270.78,2739.00
Mar,2017.00,Dessicated Coconut,3515.00,9724.06,2766.00
Apr,2017.00,Dessicated Coconut,2039.00,5854.75,2871.00
May,2017.00,Dessicated Coconut,2413.00,7048.08,2921.00
Jun,2017.00,Dessicated Coconut,2401.00,7126.77,2968.00
Jul,2017.00,Dessicated Coconut,2521.00,7636.30,3029.00
Aug,2017.00,Dessicated Coconut,2619.00,8546.93,3263.00
Sept,2017.00,Dessicated Coconut,2907.00,9690.66,3333.00
Oct,2017.00,Dessicated Coconut,2468.00,8733.24,3539.00
Nov,2017.00,Dessicated Coconut,1953.00,6824.86,3495.00
Dec,2017.00,Dessicated Coconut,986.00,3279.06,3326.00
Jan,2018.00,Dessicated Coconut,928.00,3386.49,3649.00
Feb,2018.00,Dessicated Coconut,1122.00,3899.40,3475.00
Mar,2018.00,Dessicated Coconut,1830.00,6614.39,3614.00
Apr,2018.00,Dessicated Coconut,1482.00,4863.44,3282.00
May,2018.00,Dessicated Coconut,1594.00,5328.13,3343.00
Jun,2018.00,Dessicated Coconut,2163.00,7034.42,3252.00
Jul,2018.00,Dessicated Coconut,2216.00,6710.13,3028.00
Aug,2018.00,Dessicated Coconut,3009.00,7909.32,2629.00
Sept,2018.00,Dessicated Coconut,2359.00,5556.88,2356.00
Oct,2018.00,Dessicated Coconut,2709.00,6234.17,2301.00
Nov,2018.00,Dessicated Coconut,2876.00,5630.09,1958.00
Dec,2018.00,Dessicated Coconut,3268.00,6533.34,1999.00
Jan,2019.00,Dessicated Coconut,3562.00,6529.00,1833.00
Feb,2019.00,Dessicated Coconut,3590.00,6447.22,1796.00
Mar,2019.00,Dessicated Coconut,4957.00,9455.07,1907.00
Apr,2019.00,Dessicated Coconut,3592.00,6809.35,1896.00
May,2019.00,Dessicated Coconut,4656.00,8639.43,1856.00
Jun,2019.00,Dessicated Coconut,3947.00,7069.45,1791.00
Jul,2019.00,Dessicated Coconut,4458.00,7573.41,1699.00
Aug,2019.00,Dessicated Coconut,5395.00,8247.30,1529.00
Sept,2019.00,Dessicated Coconut,4550.00,7234.56,1590.00
Oct,2019.00,Dessicated Coconut,4241.00,7177.29,1692.00
Nov,2019.00,Dessicated Coconut,3659.00,6060.70,1656.00
Dec,2019.00,Dessicated Coconut,3060.00,5552.10,1814.00
Jan,2020.00,Desiccated Coconut,2509.00,5356.10,2134.00
Feb,2020.00,Desiccated Coconut,2814.00,6805.64,2418.00
Mar,2020.00,Desiccated Coconut,1981.00,4911.75,2479.00
Apr,2020.00,Desiccated Coconut,1332.00,3314.72,2489.00
May,2020.00,Desiccated Coconut,1909.00,5022.96,2631.00
Jun,2020.00,Desiccated Coconut,2758.00,7107.04,2577.00
Jul,2020.00,Desiccated Coconut,3527.00,9100.14,2580.00
Aug,2020.00,Desiccated Coconut,2833.00,7352.12,2595.00
Sept,2020.00,Desiccated Coconut,3163.00,8494.36,2686.00
Oct,2020.00,Desiccated Coconut,2478.00,6612.76,2669.00
Nov,2020.00,Desiccated Coconut,2173.00,6032.23,2776.00
Dec,2020.00,Desiccated Coconut,2114.00,6096.94,2884.00
Jan,2021.00,Desiccated Coconut,1515.00,4827.04,3186.00
Feb,2021.00,Desiccated Coconut,2297.00,6708.12,2920.00
Mar,2021.00,Desiccated Coconut,3125.00,9442.15,3021.00
Apr,2021.00,Desiccated Coconut,2234.00,7150.01,3201.00
May,2021.00,Desiccated Coconut,2701.00,8789.00,3254.00
Jun,2021.00,Desiccated Coconut,2785.00,8592.59,3085.00
Jul,2021.00,Desiccated Coconut,3476.00,10374.43,2985.00
Aug,2021.00,Desiccated Coconut,3679.00,10861.49,2952.00
Sept,2021.00,Desiccated Coconut,3206.00,9151.48,2854.00
Oct,2021.00,Desiccated Coconut,4141.00,11980.89,2893.00
Nov,2021.00,Desiccated Coconut,3779.00,10782.85,2853.00
Dec,2021.00,Desiccated Coconut,3178.00,9188.04,2891.00
Jan,2022.00,Desiccated Coconut,3049.00,8334.26,2733.00
Feb,2022.00,Desiccated Coconut,2988.00,8048.51,2694.00
Mar,2022.00,Desiccated Coconut,3822.00,8899.51,2328.00
Apr,2022.00,Desiccated Coconut,3197.00,7954.00,2488.00
May,2022.00,Desiccated Coconut,3692.00,8532.91,2311.00
Jun,2022.00,Desiccated Coconut,4118.00,9752.67,2368.00
Jul,2022.00,Desiccated Coconut,3315.00,7374.18,2224.00
Aug,2022.00,Desiccated Coconut,4121.00,8986.87,2181.00
Sept,2022.00,Desiccated Coconut,3543.00,7025.93,1983.00
Oct,2022.00,Desiccated Coconut,3795.00,6909.72,1821.00
Nov,2022.00,Desiccated Coconut,4111.00,7162.94,1742.00
Dec,2022.00,Desiccated Coconut,4040.00,7127.64,1764.00
Jan,2023.00,Desiccated Coconut,2359.00,4418.41,1873.00
Feb,2023.00,Desiccated Coconut,2658.00,5168.09,1945.00
Mar,2023.00,Desiccated Coconut,2759.00,5677.27,2058.00
Apr,2023.00,Desiccated Coconut,2110.00,4294.54,2035.00
May,2023.00,Desiccated Coconut,2986.00,6115.08,2048.00
Jun,2023.00,Desiccated Coconut,2573.00,5058.03,1966.00
Jul,2023.00,Desiccated Coconut,3003.00,6138.21,2044.00
Aug,2023.00,Desiccated Coconut,3879.00,7387.97,1905.00
Sept,2023.00,Desiccated Coconut,4116.00,7588.08,1844.00
Oct,2023.00,Desiccated Coconut,3929.00,7112.91,1810.00
Nov,2023.00,Desiccated Coconut,4179.00,7882.32,1886.00
Dec,2023.00,Desiccated Coconut,3438.00,6845.82,1991.00
Jan,2024.00,Desiccated Coconut,2957.00,5893.75,1993.00
Feb,2024.00,Desiccated Coconut,3402.00,6914.69,2032.00
Mar,2024.00,Desiccated Coconut,3592.00,7779.73,2166.00
Apr,2024.00,Desiccated Coconut,2983.00,6211.15,2082.00
May,2024.00,Desiccated Coconut,3473.00,7495.76,2158.00
Jun,2024.00,Desiccated Coconut,3402.00,8392.90,2467.00
Jul,2024.00,Desiccated Coconut,4294.00,9987.67,2326.00
Aug,2024.00,Desiccated Coconut,4231.00,10685.79,2525.00
Sept,2024.00,Desiccated Coconut,3366.00,8732.06,2594.00
Oct,2024.00,Desiccated Coconut,4203.00,11680.58,2779.00
Nov,2024.00,Desiccated Coconut,2167.00,7545.42,3482.00
Dec,2024.00,Desiccated Coconut,2180.00,8160.60,3744.00
Jan,2015.00,Copra,32.00,47.84,1495.00
Feb,2015.00,Copra,42.00,72.12,1717.00
Mar,2015.00,Copra,31.00,58.38,1883.00
Apr,2015.00,Copra,-,-,-
May,2015.00,Copra,21.00,40.00,1905.00
Jun,2015.00,Copra,48.00,81.19,1691.00
Jul,2015.00,Copra,42.00,66.64,1587.00
Aug,2015.00,Copra,42.00,57.61,1372.00
Sept,2015.00,Copra,74.00,105.74,1429.00
Oct,2015.00,Copra,73.00,113.58,1556.00
Nov,2015.00,Copra,42.00,59.97,1428.00
Dec,2015.00,Copra,42.00,57.63,1372.00
Jan,2016.00,Copra,30.00,37.94,1265.00
Feb,2016.00,Copra,79.00,99.10,1254.00
Mar,2016.00,Copra,126.00,171.66,1362.00
Apr,2016.00,Copra,63.00,87.00,1381.00
May,2016.00,Copra,21.00,30.18,1437.00
Jun,2016.00,Copra,21.00,28.72,1368.00
Jul,2016.00,Copra,42.00,56.46,1344.00
Aug,2016.00,Copra,52.00,70.99,1365.00
Sept,2016.00,Copra,116.00,148.87,1283.00
Oct,2016.00,Copra,168.00,252.45,1503.00
Nov,2016.00,Copra,263.00,401.99,1528.00
Dec,2016.00,Copra,203.00,326.94,1611.00
Jan,2017.00,Copra,43.00,67.87,1578.00
Feb,2017.00,Copra,22.00,37.82,1719.00
Mar,2017.00,Copra,42.00,73.66,1754.00
Apr,2017.00,Copra,8.00,13.26,1657.00
May,2017.00,Copra,19.00,33.98,1788.00
Jun,2017.00,Copra,29.00,53.08,1830.00
Jul,2017.00,Copra,30.00,62.25,2075.00
Aug,2017.00,Copra,53.00,106.11,2002.00
Sept,2017.00,Copra,115.00,241.81,2103.00
Oct,2017.00,Copra,58.00,186.48,3215.00
Nov,2017.00,Copra,65.00,198.44,3053.00
Dec,2017.00,Copra,17.00,46.93,2761.00
Jan,2018.00,Copra,22.00,56.83,2583.00
Feb,2018.00,Copra,0.60,26.34,-
Mar,2018.00,Copra,32.00,93.11,2910.00
Apr,2018.00,Copra,47.00,137.35,2922.00
May,2018.00,Copra,53.00,179.31,3383.00
Jun,2018.00,Copra,10.00,21.03,2103.00
Jul,2018.00,Copra,11.00,33.15,3014.00
Aug,2018.00,Copra,65.00,132.12,2033.00
Sept,2018.00,Copra,72.00,182.25,2531.00
Oct,2018.00,Copra,111.00,212.68,1916.00
Nov,2018.00,Copra,97.00,161.85,1669.00
Dec,2018.00,Copra,108.00,220.94,2046.00
Jan,2019.00,Copra,289.00,425.98,1474.00
Feb,2019.00,Copra,292.00,377.84,1294.00
Mar,2019.00,Copra,371.00,517.43,1395.00
Apr,2019.00,Copra,180.00,244.26,1357.00
May,2019.00,Copra,344.00,438.49,1275.00
Jun,2019.00,Copra,278.00,355.12,1277.00
Jul,2019.00,Copra,137.00,180.51,1318.00
Aug,2019.00,Copra,280.00,342.38,1223.00
Sept,2019.00,Copra,328.00,413.34,1260.00
Oct,2019.00,Copra,382.00,496.82,1301.00
Nov,2019.00,Copra,447.00,593.99,1329.00
Dec,2019.00,Copra,587.00,787.70,1342.00
Jan,2020.00,Copra,515.00,715.89,1391.00
Feb,2020.00,Copra,271.00,384.57,1419.00
Mar,2020.00,Copra,116.00,165.13,1424.00
Apr,2020.00,Copra,32.00,48.66,1521.00
May,2020.00,Copra,21.00,31.11,1481.00
Jun,2020.00,Copra,0.20,8.88,-
Jul,2020.00,Copra,44.00,80.45,1828.00
Aug,2020.00,Copra,-,-,-
Sept,2020.00,Copra,22.00,56.34,2561.00
Oct,2020.00,Copra,29.00,56.55,1950.00
Nov,2020.00,Copra,22.00,50.70,2305.00
Dec,2020.00,Copra,10.00,22.11,2211.00
Jan,2021.00,Copra,1.00,4.08,7036.00
Feb,2021.00,Copra,11.00,27.46,2497.00
Mar,2021.00,Copra,11.00,32.59,2962.00
Apr,2021.00,Copra,21.00,36.21,1724.00
May,2021.00,Copra,10.00,25.20,2585.00
Jun,2021.00,Copra,11.00,29.13,2648.00
Jul,2021.00,Copra,11.00,26.79,2435.00
Aug,2021.00,Copra,283.00,467.39,1652.00
Sept,2021.00,Copra,343.00,499.88,1457.00
Oct,2021.00,Copra,85.00,137.76,1621.00
Nov,2021.00,Copra,10.00,13.36,1336.00
Dec,2021.00,Copra,32.00,47.47,1483.00
Jan,2022.00,Copra,31.00,47.45,1531.00
Feb,2022.00,Copra,84.00,127.24,1515.00
Mar,2022.00,Copra,74.00,91.39,1243.00
Apr,2022.00,Copra,84.00,95.39,1136.00
May,2022.00,Copra,126.00,165.43,1313.00
Jun,2022.00,Copra,136.00,189.95,1397.00
Jul,2022.00,Copra,149.00,189.72,1273.00
Aug,2022.00,Copra,220.00,273.37,1243.00
Sept,2022.00,Copra,270.00,341.66,1265.00
Oct,2022.00,Copra,264.00,332.75,1260.00
Nov,2022.00,Copra,389.00,489.36,1258.00
Dec,2022.00,Copra,253.00,324.92,1284.00
Jan,2023.00,Copra,152.00,197.83,1301.00
Feb,2023.00,Copra,88.00,117.11,1336.00
Mar,2023.00,Copra,44.00,65.02,1486.00
Apr,2023.00,Copra,0.04,0.21,-
May,2023.00,Copra,22.00,35.35,1644.00
Jun,2023.00,Copra,22.00,41.15,1871.00
Jul,2023.00,Copra,78.00,104.84,1349.00
Aug,2023.00,Copra,161.00,198.81,1232.00
Sept,2023.00,Copra,188.00,227.36,1212.00
Oct,2023.00,Copra,130.00,149.26,1149.00
Nov,2023.00,Copra,75.00,95.17,1273.00
Dec,2023.00,Copra,21.00,26.77,1272.00
Jan,2024.00,Copra,-,-,-
Feb,2024.00,Copra,52.00,70.45,1359.00
Mar,2024.00,Copra,95.00,125.81,1326.00
Apr,2024.00,Copra,32.00,44.96,1405.00
May,2024.00,Copra,21.00,26.56,1265.00
Jun,2024.00,Copra,-,-,-
Jul,2024.00,Copra,22.00,31.49,1464.00
Aug,2024.00,Copra,32.00,44.21,1403.00
Sept,2024.00,Copra,11.00,19.43,1851.00
Oct,2024.00,Copra,53.00,76.89,1451.00
Nov,2024.00,Copra,11.00,13.34,1270.00
Dec,2024.00,Copra,17.00,21.97,1270.00
Jan,2015.00,Coconut Milk,1267.00,2238.76,1767.00
Feb,2015.00,Coconut Milk,1238.00,2073.30,1675.00
Mar,2015.00,Coconut Milk,1525.00,2580.28,1692.00
Apr,2015.00,Coconut Milk,1114.00,1813.10,1628.00
May,2015.00,Coconut Milk,1703.00,2875.54,1689.00
Jun,2015.00,Coconut Milk,2142.00,3086.25,1441.00
Jul,2015.00,Coconut Milk,2504.00,3660.66,1462.00
Aug,2015.00,Coconut Milk,1925.00,2938.22,1526.00
Sept,2015.00,Coconut Milk,2014.00,2914.24,1447.00
Oct,2015.00,Coconut Milk,2172.00,3229.91,1487.00
Nov,2015.00,Coconut Milk,2186.00,3189.71,1459.00
Dec,2015.00,Coconut Milk,2167.00,3435.71,1585.00
Jan,2016.00,Coconut Milk,1977.00,3107.52,1572.00
Feb,2016.00,Coconut Milk,3030.00,4357.46,1438.00
Mar,2016.00,Coconut Milk,2509.00,3750.95,1495.00
Apr,2016.00,Coconut Milk,2447.00,3570.49,1459.00
May,2016.00,Coconut Milk,2902.00,4348.89,1499.00
Jun,2016.00,Coconut Milk,2812.00,4000.57,1423.00
Jul,2016.00,Coconut Milk,3124.00,4314.05,1381.00
Aug,2016.00,Coconut Milk,3042.00,4063.22,1336.00
Sept,2016.00,Coconut Milk,2508.00,3547.30,1414.00
Oct,2016.00,Coconut Milk,2287.00,3278.00,1433.00
Nov,2016.00,Coconut Milk,2054.00,3006.25,1464.00
Dec,2016.00,Coconut Milk,1805.00,3003.36,1664.00
Jan,2017.00,Coconut Milk,2140.00,3183.68,1488.00
Feb,2017.00,Coconut Milk,2168.00,3490.29,1610.00
Mar,2017.00,Coconut Milk,3119.00,4937.22,1583.00
Apr,2017.00,Coconut Milk,2231.00,3726.47,1670.00
May,2017.00,Coconut Milk,2698.00,4540.66,1683.00
Jun,2017.00,Coconut Milk,2612.00,4451.55,1704.00
Jul,2017.00,Coconut Milk,3266.00,5641.83,1727.00
Aug,2017.00,Coconut Milk,3381.00,5471.97,1618.00
Sept,2017.00,Coconut Milk,2391.00,4141.17,1732.00
Oct,2017.00,Coconut Milk,3442.00,4957.24,1440.00
Nov,2017.00,Coconut Milk,2741.00,4370.45,1594.00
Dec,2017.00,Coconut Milk,2678.00,5010.67,1871.00
Jan,2018.00,Coconut Milk,2150.00,3674.56,1709.00
Feb,2018.00,Coconut Milk,2578.00,4901.08,1901.00
Mar,2018.00,Coconut Milk,3834.00,7060.46,1842.00
Apr,2018.00,Coconut Milk,2465.00,4912.35,1993.00
May,2018.00,Coconut Milk,2554.00,5371.07,2103.00
Jun,2018.00,Coconut Milk,3637.00,7120.01,1958.00
Jul,2018.00,Coconut Milk,3179.00,5783.86,1819.00
Aug,2018.00,Coconut Milk,3474.00,5544.03,1596.00
Sept,2018.00,Coconut Milk,2688.00,4559.51,1696.00
Oct,2018.00,Coconut Milk,2322.00,4039.53,1740.00
Nov,2018.00,Coconut Milk,2214.00,3863.79,1745.00
Dec,2018.00,Coconut Milk,2783.00,4528.02,1627.00
Jan,2019.00,Coconut Milk,2747.00,3674.56,1338.00
Feb,2019.00,Coconut Milk,2997.00,4901.08,1635.00
Mar,2019.00,Coconut Milk,4453.00,7060.46,1586.00
Apr,2019.00,Coconut Milk,2978.00,4912.35,1650.00
May,2019.00,Coconut Milk,3332.00,5371.07,1612.00
Jun,2019.00,Coconut Milk,4535.00,7120.01,1570.00
Jul,2019.00,Coconut Milk,4087.00,5783.86,1415.00
Aug,2019.00,Coconut Milk,2957.00,5544.03,1875.00
Sept,2019.00,Coconut Milk,3250.00,4559.51,1403.00
Oct,2019.00,Coconut Milk,3265.00,4039.53,1237.00
Nov,2019.00,Coconut Milk,3500.00,3863.79,1104.00
Dec,2019.00,Coconut Milk,4358.00,4528.02,1039.00
Jan,2020.00,Coconut Milk,3402.00,5612.03,1650.00
Feb,2020.00,Coconut Milk,3319.00,5466.87,1647.00
Mar,2020.00,Coconut Milk,2738.00,4683.28,1710.00
Apr,2020.00,Coconut Milk,1798.00,3042.26,1692.00
May,2020.00,Coconut Milk,3343.00,5873.52,1757.00
Jun,2020.00,Coconut Milk,4970.00,8405.49,1691.00
Jul,2020.00,Coconut Milk,5369.00,9395.36,1750.00
Aug,2020.00,Coconut Milk,4575.00,8209.22,1794.00
Sept,2020.00,Coconut Milk,4778.00,9327.84,1952.00
Oct,2020.00,Coconut Milk,3761.00,7045.43,1873.00
Nov,2020.00,Coconut Milk,4355.00,8035.89,1845.00
Dec,2020.00,Coconut Milk,4218.00,8014.08,1900.00
Jan,2021.00,Coconut Milk,4039.00,7728.34,1913.00
Feb,2021.00,Coconut Milk,4071.00,7749.79,1904.00
Mar,2021.00,Coconut Milk,5156.00,9999.16,1939.00
Apr,2021.00,Coconut Milk,4030.00,8067.43,2002.00
May,2021.00,Coconut Milk,4131.00,7960.29,1927.00
Jun,2021.00,Coconut Milk,4230.00,8107.95,1917.00
Jul,2021.00,Coconut Milk,4818.00,9408.87,1953.00
Aug,2021.00,Coconut Milk,4071.00,7954.94,1954.00
Sept,2021.00,Coconut Milk,4156.00,7960.75,1915.00
Oct,2021.00,Coconut Milk,4674.00,8881.30,1900.00
Nov,2021.00,Coconut Milk,5095.00,9555.79,1876.00
Dec,2021.00,Coconut Milk,4784.00,9569.38,2000.00
Jan,2022.00,Coconut Milk,5088.00,10246.25,2014.00
Feb,2022.00,Coconut Milk,4527.00,8657.05,1912.00
Mar,2022.00,Coconut Milk,5192.00,9354.72,1802.00
Apr,2022.00,Coconut Milk,4663.00,8275.78,1775.00
May,2022.00,Coconut Milk,3753.00,6790.35,1809.00
Jun,2022.00,Coconut Milk,5233.00,9295.16,1776.00
Jul,2022.00,Coconut Milk,3583.00,6537.35,1825.00
Aug,2022.00,Coconut Milk,4202.00,7167.22,1706.00
Sept,2022.00,Coconut Milk,3931.00,6411.30,1631.00
Oct,2022.00,Coconut Milk,4113.00,6559.16,1595.00
Nov,2022.00,Coconut Milk,3662.00,5628.80,1537.00
Dec,2022.00,Coconut Milk,4818.00,7386.50,1533.00
Jan,2023.00,Coconut Milk,4421.00,6874.53,1555.00
Feb,2023.00,Coconut Milk,4366.00,6634.43,1519.00
Mar,2023.00,Coconut Milk,4746.00,7325.83,1544.00
Apr,2023.00,Coconut Milk,4055.00,6236.05,1538.00
May,2023.00,Coconut Milk,4733.00,7334.34,1550.00
Jun,2023.00,Coconut Milk,4416.00,6734.92,1525.00
Jul,2023.00,Coconut Milk,4542.00,6983.39,1537.00
Aug,2023.00,Coconut Milk,4251.00,6502.83,1530.00
Sept,2023.00,Coconut Milk,5068.00,7525.20,1485.00
Oct,2023.00,Coconut Milk,5169.00,7388.19,1429.00
Nov,2023.00,Coconut Milk,6041.00,8874.07,1469.00
Dec,2023.00,Coconut Milk,6204.00,8552.69,1379.00
Jan,2024.00,Coconut Milk,5513.00,7743.45,1404.00
Feb,2024.00,Coconut Milk,6739.00,9507.71,1411.00
Mar,2024.00,Coconut Milk,7056.00,10212.49,1447.00
Apr,2024.00,Coconut Milk,6149.00,8754.42,1424.00
May,2024.00,Coconut Milk,5787.00,8045.02,1390.00
Jun,2024.00,Coconut Milk,6203.00,8321.27,1342.00
Jul,2024.00,Coconut Milk,6165.00,8562.15,1389.00
Aug,2024.00,Coconut Milk,8643.00,12190.73,1410.00
Sept,2024.00,Coconut Milk,6326.00,8740.21,1382.00
Oct,2024.00,Coconut Milk,7179.00,10598.05,1476.00
Nov,2024.00,Coconut Milk,6619.00,10114.16,1528.00
Dec,2024.00,Coconut Milk,5454.00,8429.55,1546.00
Jan,2015.00,Coconut Cream,184.00,581.65,3161.00
Feb,2015.00,Coconut Cream,125.00,406.16,3249.00
Mar,2015.00,Coconut Cream,187.00,600.57,3212.00
Apr,2015.00,Coconut Cream,173.00,514.40,2973.00
May,2015.00,Coconut Cream,199.00,697.25,3504.00
Jun,2015.00,Coconut Cream,189.00,577.04,3053.00
Jul,2015.00,Coconut Cream,336.00,968.84,2883.00
Aug,2015.00,Coconut Cream,259.00,786.08,3035.00
Sept,2015.00,Coconut Cream,350.00,1106.80,3162.00
Oct,2015.00,Coconut Cream,241.00,803.38,3334.00
Nov,2015.00,Coconut Cream,363.00,1037.37,2858.00
Dec,2015.00,Coconut Cream,268.00,823.44,3073.00
Jan,2016.00,Coconut Cream,196.00,598.67,3054.00
Feb,2016.00,Coconut Cream,89.00,272.09,3057.00
Mar,2016.00,Coconut Cream,207.00,527.03,2546.00
Apr,2016.00,Coconut Cream,157.00,461.92,2942.00
May,2016.00,Coconut Cream,226.00,658.88,2915.00
Jun,2016.00,Coconut Cream,285.00,824.99,2895.00
Jul,2016.00,Coconut Cream,239.00,658.28,2754.00
Aug,2016.00,Coconut Cream,268.00,746.70,2786.00
Sept,2016.00,Coconut Cream,412.00,1060.60,2574.00
Oct,2016.00,Coconut Cream,800.00,1641.47,2052.00
Nov,2016.00,Coconut Cream,517.00,1241.28,2401.00
Dec,2016.00,Coconut Cream,256.00,727.26,2841.00
Jan,2017.00,Coconut Cream,395.00,1135.05,2874.00
Feb,2017.00,Coconut Cream,467.00,1306.08,2797.00
Mar,2017.00,Coconut Cream,384.00,1091.06,2841.00
Apr,2017.00,Coconut Cream,580.00,1574.28,2714.00
May,2017.00,Coconut Cream,569.00,1514.09,2661.00
Jun,2017.00,Coconut Cream,678.00,1795.80,2649.00
Jul,2017.00,Coconut Cream,638.00,1773.41,2780.00
Aug,2017.00,Coconut Cream,448.00,1338.60,2988.00
Sept,2017.00,Coconut Cream,584.00,1612.94,2763.00
Oct,2017.00,Coconut Cream,570.00,1565.91,2747.00
Nov,2017.00,Coconut Cream,613.00,1763.35,2877.00
Dec,2017.00,Coconut Cream,520.00,1620.32,3116.00
Jan,2018.00,Coconut Cream,349.00,1246.31,3571.00
Feb,2018.00,Coconut Cream,453.00,1508.42,3330.00
Mar,2018.00,Coconut Cream,759.00,2748.41,3621.00
Apr,2018.00,Coconut Cream,768.00,2266.61,2951.00
May,2018.00,Coconut Cream,843.00,2447.22,2903.00
Jun,2018.00,Coconut Cream,812.00,2330.36,2870.00
Jul,2018.00,Coconut Cream,896.00,2545.46,2841.00
Aug,2018.00,Coconut Cream,930.00,2470.70,2657.00
Sept,2018.00,Coconut Cream,1106.00,2662.05,2407.00
Oct,2018.00,Coconut Cream,1041.00,2657.51,2553.00
Nov,2018.00,Coconut Cream,976.00,2523.79,2586.00
Dec,2018.00,Coconut Cream,849.00,2120.84,2498.00
Jan,2019.00,Coconut Cream,962.00,2282.16,2372.00
Feb,2019.00,Coconut Cream,902.00,1998.71,2216.00
Mar,2019.00,Coconut Cream,1198.00,2610.33,2179.00
Apr,2019.00,Coconut Cream,713.00,1474.47,2068.00
May,2019.00,Coconut Cream,774.00,1769.03,2286.00
Jun,2019.00,Coconut Cream,835.00,1808.99,2166.00
Jul,2019.00,Coconut Cream,787.00,1672.84,2126.00
Aug,2019.00,Coconut Cream,908.00,1844.44,2031.00
Sept,2019.00,Coconut Cream,913.00,1851.89,2028.00
Oct,2019.00,Coconut Cream,983.00,2011.49,2046.00
Nov,2019.00,Coconut Cream,1028.00,2015.64,1961.00
Dec,2019.00,Coconut Cream,984.00,2007.98,2041.00
Jan,2020.00,Coconut Cream,1100.00,2320.28,2109.00
Feb,2020.00,Coconut Cream,933.00,2053.11,2201.00
Mar,2020.00,Coconut Cream,1010.00,2137.01,2116.00
Apr,2020.00,Coconut Cream,862.00,1824.82,2118.00
May,2020.00,Coconut Cream,1282.00,2747.17,2143.00
Jun,2020.00,Coconut Cream,1406.00,3102.76,2208.00
Jul,2020.00,Coconut Cream,1309.00,2958.10,2259.00
Aug,2020.00,Coconut Cream,1374.00,3033.84,2208.00
Sept,2020.00,Coconut Cream,1593.00,3471.23,2179.00
Oct,2020.00,Coconut Cream,1586.00,3473.25,2190.00
Nov,2020.00,Coconut Cream,1221.00,2784.95,2281.00
Dec,2020.00,Coconut Cream,1373.00,3209.96,2338.00
Jan,2021.00,Coconut Cream,1025.00,2507.48,2446.00
Feb,2021.00,Coconut Cream,1143.00,2737.97,2395.00
Mar,2021.00,Coconut Cream,1563.00,3888.31,2488.00
Apr,2021.00,Coconut Cream,1153.00,2878.16,2496.00
May,2021.00,Coconut Cream,1380.00,3321.28,2407.00
Jun,2021.00,Coconut Cream,1665.00,3769.79,2264.00
Jul,2021.00,Coconut Cream,2029.00,4931.53,2431.00
Aug,2021.00,Coconut Cream,1765.00,5243.34,2971.00
Sept,2021.00,Coconut Cream,1867.00,4475.18,2397.00
Oct,2021.00,Coconut Cream,2198.00,5351.20,2435.00
Nov,2021.00,Coconut Cream,2156.00,4986.88,2313.00
Dec,2021.00,Coconut Cream,1639.00,3814.13,2327.00
Jan,2022.00,Coconut Cream,1588.00,3815.02,2402.00
Feb,2022.00,Coconut Cream,1338.00,3219.35,2406.00
Mar,2022.00,Coconut Cream,1905.00,4041.02,2121.00
Apr,2022.00,Coconut Cream,1824.00,3995.59,2191.00
May,2022.00,Coconut Cream,1502.00,3408.05,2269.00
Jun,2022.00,Coconut Cream,1316.00,2814.70,2139.00
Jul,2022.00,Coconut Cream,1220.00,2694.18,2208.00
Aug,2022.00,Coconut Cream,1585.00,3322.09,2096.00
Sept,2022.00,Coconut Cream,1285.00,2647.21,2060.00
Oct,2022.00,Coconut Cream,1004.00,1945.41,1938.00
Nov,2022.00,Coconut Cream,1099.00,2144.23,1951.00
Dec,2022.00,Coconut Cream,1471.00,2612.93,1776.00
Jan,2023.00,Coconut Cream,1105.00,2082.19,1884.00
Feb,2023.00,Coconut Cream,1443.00,2687.11,1862.00
Mar,2023.00,Coconut Cream,1390.00,2633.15,1895.00
Apr,2023.00,Coconut Cream,1251.00,2182.10,1745.00
May,2023.00,Coconut Cream,1717.00,3133.44,1825.00
Jun,2023.00,Coconut Cream,1762.00,2947.89,1673.00
Jul,2023.00,Coconut Cream,2023.00,3305.12,1634.00
Aug,2023.00,Coconut Cream,2142.00,3718.22,1735.00
Sept,2023.00,Coconut Cream,1962.00,3231.57,1647.00
Oct,2023.00,Coconut Cream,1875.00,3121.61,1665.00
Nov,2023.00,Coconut Cream,1997.00,3355.09,1680.00
Dec,2023.00,Coconut Cream,2007.00,3691.35,1839.00
Jan,2024.00,Coconut Cream,1719.00,2855.89,1662.00
Feb,2024.00,Coconut Cream,1861.00,3201.76,1720.00
Mar,2024.00,Coconut Cream,2619.00,4548.67,1737.00
Apr,2024.00,Coconut Cream,2014.00,3202.77,1590.00
May,2024.00,Coconut Cream,2426.00,4186.44,1725.00
Jun,2024.00,Coconut Cream,2367.00,4187.45,1769.00
Jul,2024.00,Coconut Cream,2557.00,4350.44,1701.00
Aug,2024.00,Coconut Cream,2782.00,5086.97,1829.00
Sept,2024.00,Coconut Cream,2002.00,3555.38,1776.00
Oct,2024.00,Coconut Cream,1784.00,3358.18,1883.00
Nov,2024.00,Coconut Cream,1661.00,3125.87,1882.00
Dec,2024.00,Coconut Cream,1601.00,3349.23,2092.00
Jan,2015.00,Coconut Milk Powder,467.00,2132.36,4566.00
Feb,2015.00,Coconut Milk Powder,572.00,2652.16,4637.00
Mar,2015.00,Coconut Milk Powder,581.00,2803.89,4826.00
Apr,2015.00,Coconut Milk Powder,460.00,2186.29,4753.00
May,2015.00,Coconut Milk Powder,546.00,2698.37,4942.00
Jun,2015.00,Coconut Milk Powder,545.00,2602.89,4776.00
Jul,2015.00,Coconut Milk Powder,376.00,1619.24,4306.00
Aug,2015.00,Coconut Milk Powder,366.00,1719.88,4699.00
Sept,2015.00,Coconut Milk Powder,427.00,1910.33,4474.00
Oct,2015.00,Coconut Milk Powder,426.00,1899.34,4459.00
Nov,2015.00,Coconut Milk Powder,369.00,1621.65,4395.00
Dec,2015.00,Coconut Milk Powder,507.00,2183.60,4307.00
Jan,2016.00,Coconut Milk Powder,542.00,2413.71,4453.00
Feb,2016.00,Coconut Milk Powder,805.00,3393.88,4216.00
Mar,2016.00,Coconut Milk Powder,551.00,2511.18,4557.00
Apr,2016.00,Coconut Milk Powder,551.00,2462.05,4468.00
May,2016.00,Coconut Milk Powder,634.00,2842.36,4483.00
Jun,2016.00,Coconut Milk Powder,628.00,2536.62,4039.00
Jul,2016.00,Coconut Milk Powder,505.00,2072.96,4105.00
Aug,2016.00,Coconut Milk Powder,414.00,1717.07,4148.00
Sept,2016.00,Coconut Milk Powder,512.00,2016.95,3939.00
Oct,2016.00,Coconut Milk Powder,447.00,1990.17,4452.00
Nov,2016.00,Coconut Milk Powder,638.00,2464.47,3863.00
Dec,2016.00,Coconut Milk Powder,566.00,2209.54,3904.00
Jan,2017.00,Coconut Milk Powder,624.00,2528.74,4052.00
Feb,2017.00,Coconut Milk Powder,536.00,2362.82,4408.00
Mar,2017.00,Coconut Milk Powder,620.00,2861.62,4616.00
Apr,2017.00,Coconut Milk Powder,305.00,1472.86,4829.00
May,2017.00,Coconut Milk Powder,380.00,1843.29,4851.00
Jun,2017.00,Coconut Milk Powder,488.00,2248.18,4607.00
Jul,2017.00,Coconut Milk Powder,470.00,2308.57,4912.00
Aug,2017.00,Coconut Milk Powder,493.00,2468.10,5006.00
Sept,2017.00,Coconut Milk Powder,568.00,3051.22,5373.00
Oct,2017.00,Coconut Milk Powder,533.00,2889.74,5422.00
Nov,2017.00,Coconut Milk Powder,657.00,3683.86,5607.00
Dec,2017.00,Coconut Milk Powder,560.00,3244.73,5794.00
Jan,2018.00,Coconut Milk Powder,549.00,3544.01,6455.00
Feb,2018.00,Coconut Milk Powder,542.00,3290.86,6072.00
Mar,2018.00,Coconut Milk Powder,576.00,3564.91,6189.00
Apr,2018.00,Coconut Milk Powder,387.00,2433.54,6288.00
May,2018.00,Coconut Milk Powder,556.00,3156.00,5681.00
Jun,2018.00,Coconut Milk Powder,615.00,3307.70,5378.00
Jul,2018.00,Coconut Milk Powder,639.00,3597.85,5630.00
Aug,2018.00,Coconut Milk Powder,653.00,3226.33,4941.00
Sept,2018.00,Coconut Milk Powder,701.00,3237.94,4619.00
Oct,2018.00,Coconut Milk Powder,527.00,2187.58,4151.00
Nov,2018.00,Coconut Milk Powder,685.00,2925.81,4271.00
Dec,2018.00,Coconut Milk Powder,559.00,2711.22,4850.00
Jan,2019.00,Coconut Milk Powder,646.00,2831.57,4383.00
Feb,2019.00,Coconut Milk Powder,760.00,3216.82,4233.00
Mar,2019.00,Coconut Milk Powder,646.00,2668.73,4131.00
Apr,2019.00,Coconut Milk Powder,500.00,2132.91,4266.00
May,2019.00,Coconut Milk Powder,663.00,2691.93,4060.00
Jun,2019.00,Coconut Milk Powder,666.00,2523.40,3789.00
Jul,2019.00,Coconut Milk Powder,600.00,2591.41,4319.00
Aug,2019.00,Coconut Milk Powder,549.00,2240.35,4081.00
Sept,2019.00,Coconut Milk Powder,549.00,2198.79,4005.00
Oct,2019.00,Coconut Milk Powder,603.00,2521.37,4181.00
Nov,2019.00,Coconut Milk Powder,578.00,2307.59,3995.00
Dec,2019.00,Coconut Milk Powder,688.00,2702.25,3928.00
Jan,2020.00,Coconut Milk Powder,541.00,2021.99,3737.00
Feb,2020.00,Coconut Milk Powder,707.00,2997.30,4239.00
Mar,2020.00,Coconut Milk Powder,691.00,2783.68,4028.00
Apr,2020.00,Coconut Milk Powder,294.00,1365.64,4645.00
May,2020.00,Coconut Milk Powder,392.00,2059.93,5255.00
Jun,2020.00,Coconut Milk Powder,581.00,2446.16,4210.00
Jul,2020.00,Coconut Milk Powder,679.00,3331.44,4906.00
Aug,2020.00,Coconut Milk Powder,646.00,3261.82,5049.00
Sept,2020.00,Coconut Milk Powder,520.00,2280.56,4386.00
Oct,2020.00,Coconut Milk Powder,719.00,3567.54,4962.00
Nov,2020.00,Coconut Milk Powder,580.00,2898.43,4997.00
Dec,2020.00,Coconut Milk Powder,401.00,2262.65,5643.00
Jan,2021.00,Coconut Milk Powder,552.00,3329.99,6033.00
Feb,2021.00,Coconut Milk Powder,636.00,4017.44,6317.00
Mar,2021.00,Coconut Milk Powder,751.00,4594.41,6118.00
Apr,2021.00,Coconut Milk Powder,572.00,3107.87,5433.00
May,2021.00,Coconut Milk Powder,443.00,2365.85,5341.00
Jun,2021.00,Coconut Milk Powder,391.00,2202.72,5634.00
Jul,2021.00,Coconut Milk Powder,623.00,3345.48,5370.00
Aug,2021.00,Coconut Milk Powder,715.00,3708.35,5187.00
Sept,2021.00,Coconut Milk Powder,513.00,2520.96,4914.00
Oct,2021.00,Coconut Milk Powder,789.00,4037.25,5117.00
Nov,2021.00,Coconut Milk Powder,830.00,4410.99,5314.00
Dec,2021.00,Coconut Milk Powder,627.00,3170.29,5056.00
Jan,2022.00,Coconut Milk Powder,721.00,3993.47,5539.00
Feb,2022.00,Coconut Milk Powder,757.00,4073.37,5381.00
Mar,2022.00,Coconut Milk Powder,653.00,3323.99,5090.00
Apr,2022.00,Coconut Milk Powder,577.00,2786.43,4829.00
May,2022.00,Coconut Milk Powder,593.00,2887.65,4870.00
Jun,2022.00,Coconut Milk Powder,985.00,5010.81,5087.00
Jul,2022.00,Coconut Milk Powder,594.00,2812.96,4736.00
Aug,2022.00,Coconut Milk Powder,757.00,3405.12,4498.00
Sept,2022.00,Coconut Milk Powder,731.00,3381.49,4626.00
Oct,2022.00,Coconut Milk Powder,858.00,3964.48,4621.00
Nov,2022.00,Coconut Milk Powder,670.00,3122.50,4660.00
Dec,2022.00,Coconut Milk Powder,725.00,3323.11,4584.00
Jan,2023.00,Coconut Milk Powder,462.00,2193.18,4747.00
Feb,2023.00,Coconut Milk Powder,638.00,2938.52,4609.00
Mar,2023.00,Coconut Milk Powder,579.00,2773.42,4793.00
Apr,2023.00,Coconut Milk Powder,698.00,3150.24,4511.00
May,2023.00,Coconut Milk Powder,776.00,3628.42,4674.00
Jun,2023.00,Coconut Milk Powder,671.00,3146.74,4687.00
Jul,2023.00,Coconut Milk Powder,793.00,3978.82,5021.00
Aug,2023.00,Coconut Milk Powder,732.00,3815.05,5211.00
Sept,2023.00,Coconut Milk Powder,825.00,4089.17,4957.00
Oct,2023.00,Coconut Milk Powder,705.00,3386.11,4804.00
Nov,2023.00,Coconut Milk Powder,779.00,3748.56,4814.00
Dec,2023.00,Coconut Milk Powder,750.00,3513.21,4686.00
Jan,2024.00,Coconut Milk Powder,575.00,2738.71,4764.00
Feb,2024.00,Coconut Milk Powder,874.00,4157.21,4758.00
Mar,2024.00,Coconut Milk Powder,1115.00,5192.95,4658.00
Apr,2024.00,Coconut Milk Powder,622.00,2959.25,4755.00
May,2024.00,Coconut Milk Powder,1121.00,5232.93,4667.00
Jun,2024.00,Coconut Milk Powder,1063.00,5007.63,4709.00
Jul,2024.00,Coconut Milk Powder,879.00,4511.48,5135.00
Aug,2024.00,Coconut Milk Powder,1358.00,6861.05,5054.00
Sept,2024.00,Coconut Milk Powder,834.00,4247.14,5094.00
Oct,2024.00,Coconut Milk Powder,1074.00,5767.27,5371.00
Nov,2024.00,Coconut Milk Powder,845.00,4677.60,5536.00
Dec,2024.00,Coconut Milk Powder,1069.00,5879.94,5500.00
Jan,2015.00,Fresh Coconut,-,-,-
Feb,2015.00,Fresh Coconut,-,-,-
Mar,2015.00,Fresh Coconut,-,-,-
Apr,2015.00,Fresh Coconut,-,-,-
May,2015.00,Fresh Coconut,616.00,336.87,547.00
Jun,2015.00,Fresh Coconut,821.00,551.25,671.00
Jul,2015.00,Fresh Coconut,1187.00,711.28,599.00
Aug,2015.00,Fresh Coconut,1700.00,972.99,572.00
Sept,2015.00,Fresh Coconut,2627.00,1454.87,554.00
Oct,2015.00,Fresh Coconut,2710.00,1551.96,573.00
Nov,2015.00,Fresh Coconut,1654.00,869.92,526.00
Dec,2015.00,Fresh Coconut,1889.00,949.43,503.00
Jan,2016.00,Fresh Coconut,2495.00,1165.44,467.00
Feb,2016.00,Fresh Coconut,3144.00,1475.15,469.00
Mar,2016.00,Fresh Coconut,2802.00,1386.97,495.00
Apr,2016.00,Fresh Coconut,1877.00,908.48,484.00
May,2016.00,Fresh Coconut,1028.00,464.87,452.00
Jun,2016.00,Fresh Coconut,1391.00,617.35,444.00
Jul,2016.00,Fresh Coconut,2322.00,981.77,423.00
Aug,2016.00,Fresh Coconut,2821.00,1098.09,389.00
Sept,2016.00,Fresh Coconut,3574.00,3259.03,912.00
Oct,2016.00,Fresh Coconut,4193.00,1604.11,383.00
Nov,2016.00,Fresh Coconut,2724.00,1035.10,380.00
Dec,2016.00,Fresh Coconut,2062.00,837.17,406.00
Jan,2017.00,Fresh Coconut,2698.00,1136.66,421.00
Feb,2017.00,Fresh Coconut,1633.00,859.58,526.00
Mar,2017.00,Fresh Coconut,1512.00,850.98,563.00
Apr,2017.00,Fresh Coconut,1212.00,736.47,608.00
May,2017.00,Fresh Coconut,1009.00,598.67,593.00
Jun,2017.00,Fresh Coconut,2019.00,1147.37,568.00
Jul,2017.00,Fresh Coconut,106.00,75.25,708.00
Aug,2017.00,Fresh Coconut,42.00,84.53,1994.00
Sept,2017.00,Fresh Coconut,-,-,-
Oct,2017.00,Fresh Coconut,-,-,-
Nov,2017.00,Fresh Coconut,-,-,-
Dec,2017.00,Fresh Coconut,-,-,-
Jan,2018.00,Fresh Coconut,-,-,-
Feb,2018.00,Fresh Coconut,-,-,-
Mar,2018.00,Fresh Coconut,-,-,-
Apr,2018.00,Fresh Coconut,-,-,-
May,2018.00,Fresh Coconut,-,-,-
Jun,2018.00,Fresh Coconut,-,-,-
Jul,2018.00,Fresh Coconut,-,-,-
Aug,2018.00,Fresh Coconut,-,-,-
Sept,2018.00,Fresh Coconut,134.00,66.44,496.00
Oct,2018.00,Fresh Coconut,137.00,68.27,498.00
Nov,2018.00,Fresh Coconut,230.00,95.91,418.00
Dec,2018.00,Fresh Coconut,932.00,395.13,424.00
Jan,2019.00,Fresh Coconut,1018.00,404.92,398.00
Feb,2019.00,Fresh Coconut,1309.00,486.95,372.00
Mar,2019.00,Fresh Coconut,1541.00,618.27,401.00
Apr,2019.00,Fresh Coconut,1190.00,474.27,399.00
May,2019.00,Fresh Coconut,1878.00,754.01,401.00
Jun,2019.00,Fresh Coconut,1130.00,471.10,417.00
Jul,2019.00,Fresh Coconut,1660.00,659.24,397.00
Aug,2019.00,Fresh Coconut,2253.00,839.45,373.00
Sept,2019.00,Fresh Coconut,2321.00,868.61,374.00
Oct,2019.00,Fresh Coconut,2609.00,967.29,371.00
Nov,2019.00,Fresh Coconut,2360.00,901.41,382.00
Dec,2019.00,Fresh Coconut,2157.00,805.07,373.00
Jan,2020.00,Fresh Coconut,1711.00,692.94,405.00
Feb,2020.00,Fresh Coconut,2163.00,860.43,398.00
Mar,2020.00,Fresh Coconut,1407.00,567.04,403.00
Apr,2020.00,Fresh Coconut,563.00,248.49,441.00
May,2020.00,Fresh Coconut,875.00,371.70,425.00
Jun,2020.00,Fresh Coconut,1152.00,493.26,428.00
Jul,2020.00,Fresh Coconut,1896.00,767.52,405.00
Aug,2020.00,Fresh Coconut,1361.00,588.46,432.00
Sept,2020.00,Fresh Coconut,1345.00,621.43,462.00
Oct,2020.00,Fresh Coconut,1521.00,620.16,408.00
Nov,2020.00,Fresh Coconut,940.00,394.77,420.00
Dec,2020.00,Fresh Coconut,904.00,406.32,449.00
Jan,2021.00,Fresh Coconut,1020.00,379.49,372.00
Feb,2021.00,Fresh Coconut,1553.00,667.37,430.00
Mar,2021.00,Fresh Coconut,1681.00,703.24,418.00
Apr,2021.00,Fresh Coconut,420.00,185.01,440.00
May,2021.00,Fresh Coconut,666.00,273.74,411.00
Jun,2021.00,Fresh Coconut,1427.00,604.33,423.00
Jul,2021.00,Fresh Coconut,1180.00,500.36,424.00
Aug,2021.00,Fresh Coconut,1145.00,474.47,414.00
Sept,2021.00,Fresh Coconut,1939.00,798.83,412.00
Oct,2021.00,Fresh Coconut,1582.00,589.10,372.00
Nov,2021.00,Fresh Coconut,815.00,323.57,397.00
Dec,2021.00,Fresh Coconut,1135.00,602.45,531.00
Jan,2022.00,Fresh Coconut,1618.00,827.67,512.00
Feb,2022.00,Fresh Coconut,1213.00,637.46,525.00
Mar,2022.00,Fresh Coconut,1201.00,543.91,453.00
Apr,2022.00,Fresh Coconut,1471.00,716.75,487.00
May,2022.00,Fresh Coconut,739.00,363.13,492.00
Jun,2022.00,Fresh Coconut,233.00,97.72,420.00
Jul,2022.00,Fresh Coconut,215.00,110.78,516.00
Aug,2022.00,Fresh Coconut,943.00,447.85,475.00
Sept,2022.00,Fresh Coconut,1642.00,755.57,460.00
Oct,2022.00,Fresh Coconut,1523.00,715.41,470.00
Nov,2022.00,Fresh Coconut,1278.00,596.73,467.00
Dec,2022.00,Fresh Coconut,1302.00,571.16,439.00
Jan,2023.00,Fresh Coconut,1026.00,480.78,469.00
Feb,2023.00,Fresh Coconut,992.00,475.62,480.00
Mar,2023.00,Fresh Coconut,528.00,272.25,515.00
Apr,2023.00,Fresh Coconut,607.00,290.16,478.00
May,2023.00,Fresh Coconut,1286.00,613.25,477.00
Jun,2023.00,Fresh Coconut,945.00,428.37,453.00
Jul,2023.00,Fresh Coconut,1078.00,514.95,478.00
Aug,2023.00,Fresh Coconut,1486.00,698.71,470.00
Sept,2023.00,Fresh Coconut,1638.00,763.02,466.00
Oct,2023.00,Fresh Coconut,1911.00,879.64,460.00
Nov,2023.00,Fresh Coconut,1185.00,541.95,457.00
Dec,2023.00,Fresh Coconut,1445.00,665.60,460.00
Jan,2024.00,Fresh Coconut,1698.00,745.00,439.00
Feb,2024.00,Fresh Coconut,1299.00,551.31,424.00
Mar,2024.00,Fresh Coconut,1259.00,543.03,431.00
Apr,2024.00,Fresh Coconut,1089.00,469.09,431.00
May,2024.00,Fresh Coconut,1811.00,800.42,442.00
Jun,2024.00,Fresh Coconut,1277.00,564.41,442.00
Jul,2024.00,Fresh Coconut,1360.00,606.87,446.00
Aug,2024.00,Fresh Coconut,1492.00,661.99,444.00
Sept,2024.00,Fresh Coconut,1689.00,751.21,445.00
Oct,2024.00,Fresh Coconut,1732.00,792.99,458.00
Nov,2024.00,Fresh Coconut,1299.00,626.19,482.00
Dec,2024.00,Fresh Coconut,1241.00,591.02,476.00
Jan,2015.00,King Coconut,,,
Feb,2015.00,King Coconut,,,
Mar,2015.00,King Coconut,,,
Apr,2015.00,King Coconut,,,
May,2015.00,King Coconut,,,
Jun,2015.00,King Coconut,,,
Jul,2015.00,King Coconut,,,
Aug,2015.00,King Coconut,,,
Sept,2015.00,King Coconut,,,
Oct,2015.00,King Coconut,,,
Nov,2015.00,King Coconut,,,
Dec,2015.00,King Coconut,,,
Jan,2016.00,King Coconut,226.00,136.79,605.00
Feb,2016.00,King Coconut,313.00,187.23,598.00
Mar,2016.00,King Coconut,347.00,231.65,668.00
Apr,2016.00,King Coconut,317.00,245.53,775.00
May,2016.00,King Coconut,463.00,347.68,751.00
Jun,2016.00,King Coconut,335.00,250.12,747.00
Jul,2016.00,King Coconut,354.00,277.52,784.00
Aug,2016.00,King Coconut,448.00,364.08,813.00
Sept,2016.00,King Coconut,328.00,255.51,779.00
Oct,2016.00,King Coconut,436.00,379.24,870.00
Nov,2016.00,King Coconut,285.00,212.71,746.00
Dec,2016.00,King Coconut,205.00,128.92,629.00
Jan,2017.00,King Coconut,311.00,189.08,608.00
Feb,2017.00,King Coconut,197.00,122.09,620.00
Mar,2017.00,King Coconut,355.00,211.54,596.00
Apr,2017.00,King Coconut,400.00,243.20,608.00
May,2017.00,King Coconut,509.00,295.38,580.00
Jun,2017.00,King Coconut,439.00,288.08,656.00
Jul,2017.00,King Coconut,578.00,342.20,592.00
Aug,2017.00,King Coconut,629.00,352.24,560.00
Sept,2017.00,King Coconut,446.00,258.02,579.00
Oct,2017.00,King Coconut,603.00,327.51,543.00
Nov,2017.00,King Coconut,408.00,216.67,531.00
Dec,2017.00,King Coconut,281.00,165.64,589.00
Jan,2018.00,King Coconut,413.00,203.28,492.00
Feb,2018.00,King Coconut,294.00,160.87,547.00
Mar,2018.00,King Coconut,446.00,249.63,560.00
Apr,2018.00,King Coconut,536.00,309.15,577.00
May,2018.00,King Coconut,534.00,332.77,623.00
Jun,2018.00,King Coconut,482.00,270.60,561.00
Jul,2018.00,King Coconut,577.00,311.65,540.00
Aug,2018.00,King Coconut,670.00,363.20,542.00
Sept,2018.00,King Coconut,472.00,271.59,575.00
Oct,2018.00,King Coconut,576.00,342.30,595.00
Nov,2018.00,King Coconut,441.00,236.10,536.00
Dec,2018.00,King Coconut,454.00,205.57,453.00
Jan,2019.00,King Coconut,500.00,260.26,521.00
Feb,2019.00,King Coconut,476.00,255.50,536.00
Mar,2019.00,King Coconut,460.00,270.33,588.00
Apr,2019.00,King Coconut,483.00,305.32,633.00
May,2019.00,King Coconut,505.00,348.77,691.00
Jun,2019.00,King Coconut,620.00,400.14,646.00
Jul,2019.00,King Coconut,648.00,391.50,604.00
Aug,2019.00,King Coconut,631.00,392.17,621.00
Sept,2019.00,King Coconut,686.00,404.20,589.00
Oct,2019.00,King Coconut,649.00,371.09,571.00
Nov,2019.00,King Coconut,471.00,277.99,591.00
Dec,2019.00,King Coconut,363.00,226.53,624.00
Jan,2020.00,King Coconut,393.00,255.70,651.00
Feb,2020.00,King Coconut,307.00,175.86,572.00
Mar,2020.00,King Coconut,118.00,74.76,633.00
Apr,2020.00,King Coconut,44.00,46.56,1070.00
May,2020.00,King Coconut,259.00,183.35,707.00
Jun,2020.00,King Coconut,512.00,320.32,626.00
Jul,2020.00,King Coconut,730.00,413.75,567.00
Aug,2020.00,King Coconut,793.00,442.77,558.00
Sept,2020.00,King Coconut,936.00,473.34,505.00
Oct,2020.00,King Coconut,772.00,351.60,455.00
Nov,2020.00,King Coconut,683.00,316.11,463.00
Dec,2020.00,King Coconut,376.00,180.88,481.00
Jan,2021.00,King Coconut,394.00,193.57,491.00
Feb,2021.00,King Coconut,435.00,257.98,592.00
Mar,2021.00,King Coconut,618.00,303.29,491.00
Apr,2021.00,King Coconut,409.00,209.67,512.00
May,2021.00,King Coconut,758.00,390.40,515.00
Jun,2021.00,King Coconut,1036.00,506.02,489.00
Jul,2021.00,King Coconut,1134.00,482.56,426.00
Aug,2021.00,King Coconut,1113.00,501.01,450.00
Sept,2021.00,King Coconut,1093.00,460.25,421.00
Oct,2021.00,King Coconut,1078.00,486.67,451.00
Nov,2021.00,King Coconut,873.00,412.82,473.00
Dec,2021.00,King Coconut,607.00,306.87,505.00
Jan,2022.00,King Coconut,751.00,342.29,456.00
Feb,2022.00,King Coconut,527.00,228.06,433.00
Mar,2022.00,King Coconut,987.00,432.14,438.00
Apr,2022.00,King Coconut,805.00,363.75,452.00
May,2022.00,King Coconut,932.00,431.47,463.00
Jun,2022.00,King Coconut,1108.00,631.24,570.00
Jul,2022.00,King Coconut,1155.00,699.42,606.00
Aug,2022.00,King Coconut,949.00,686.94,724.00
Sept,2022.00,King Coconut,1022.00,806.37,789.00
Oct,2022.00,King Coconut,959.00,720.09,751.00
Nov,2022.00,King Coconut,999.00,756.88,758.00
Dec,2022.00,King Coconut,678.00,416.34,614.00
Jan,2023.00,King Coconut,926.00,751.56,811.00
Feb,2023.00,King Coconut,899.00,727.50,809.00
Mar,2023.00,King Coconut,942.00,803.58,853.00
Apr,2023.00,King Coconut,796.00,667.58,839.00
May,2023.00,King Coconut,1257.00,1030.60,820.00
Jun,2023.00,King Coconut,975.00,795.50,816.00
Jul,2023.00,King Coconut,1324.00,981.65,742.00
Aug,2023.00,King Coconut,1665.00,1188.25,714.00
Sept,2023.00,King Coconut,1208.00,887.13,734.00
Oct,2023.00,King Coconut,1355.00,1075.00,793.00
Nov,2023.00,King Coconut,880.00,718.69,817.00
Dec,2023.00,King Coconut,683.00,563.90,826.00
Jan,2024.00,King Coconut,774.00,616.24,797.00
Feb,2024.00,King Coconut,712.00,566.73,796.00
Mar,2024.00,King Coconut,517.00,420.95,815.00
Apr,2024.00,King Coconut,425.00,380.96,896.00
May,2024.00,King Coconut,584.00,530.26,908.00
Jun,2024.00,King Coconut,897.00,768.78,857.00
Jul,2024.00,King Coconut,798.00,686.50,861.00
Aug,2024.00,King Coconut,650.00,563.59,867.00
Sept,2024.00,King Coconut,658.00,554.52,843.00
Oct,2024.00,King Coconut,728.00,609.75,837.00
Nov,2024.00,King Coconut,618.00,517.16,837.00
Dec,2024.00,King Coconut,646.00,537.75,832.00
Jan,2015.00,Coconut Water,,,
Feb,2015.00,Coconut Water,,,
Mar,2015.00,Coconut Water,,,
Apr,2015.00,Coconut Water,,,
May,2015.00,Coconut Water,,,
Jun,2015.00,Coconut Water,,,
Jul,2015.00,Coconut Water,,,
Aug,2015.00,Coconut Water,,,
Sept,2015.00,Coconut Water,,,
Oct,2015.00,Coconut Water,,,
Nov,2015.00,Coconut Water,,,
Dec,2015.00,Coconut Water,,,
Jan,2016.00,Coconut Water,384.00,408.59,1064.00
Feb,2016.00,Coconut Water,147.00,168.71,1148.00
Mar,2016.00,Coconut Water,128.00,89.93,703.00
Apr,2016.00,Coconut Water,153.00,98.85,646.00
May,2016.00,Coconut Water,138.00,145.54,1055.00
Jun,2016.00,Coconut Water,297.00,270.18,910.00
Jul,2016.00,Coconut Water,352.00,359.20,1020.00
Aug,2016.00,Coconut Water,335.00,300.20,896.00
Sept,2016.00,Coconut Water,433.00,364.44,842.00
Oct,2016.00,Coconut Water,331.00,255.80,773.00
Nov,2016.00,Coconut Water,223.00,182.99,821.00
Dec,2016.00,Coconut Water,157.00,170.40,1085.00
Jan,2017.00,Coconut Water,347.00,461.30,1329.00
Feb,2017.00,Coconut Water,300.00,271.87,906.00
Mar,2017.00,Coconut Water,459.00,526.95,1148.00
Apr,2017.00,Coconut Water,309.00,335.74,1087.00
May,2017.00,Coconut Water,330.00,373.18,1131.00
Jun,2017.00,Coconut Water,336.00,400.05,1191.00
Jul,2017.00,Coconut Water,530.00,609.15,1149.00
Aug,2017.00,Coconut Water,488.00,533.90,1094.00
Sept,2017.00,Coconut Water,352.00,347.02,986.00
Oct,2017.00,Coconut Water,143.00,168.23,1176.00
Nov,2017.00,Coconut Water,140.00,196.24,1402.00
Dec,2017.00,Coconut Water,211.00,279.77,1326.00
Jan,2018.00,Coconut Water,129.00,141.38,1096.00
Feb,2018.00,Coconut Water,208.00,190.49,916.00
Mar,2018.00,Coconut Water,314.00,332.48,1061.00
Apr,2018.00,Coconut Water,256.00,263.31,1029.00
May,2018.00,Coconut Water,447.00,398.20,891.00
Jun,2018.00,Coconut Water,606.00,522.50,862.00
Jul,2018.00,Coconut Water,837.00,694.43,830.00
Aug,2018.00,Coconut Water,406.00,317.18,781.00
Sept,2018.00,Coconut Water,394.00,412.45,1047.00
Oct,2018.00,Coconut Water,630.00,526.86,836.00
Nov,2018.00,Coconut Water,285.00,275.82,968.00
Dec,2018.00,Coconut Water,535.00,359.58,672.00
Jan,2019.00,Coconut Water,539.00,388.71,721.00
Feb,2019.00,Coconut Water,379.00,323.53,854.00
Mar,2019.00,Coconut Water,257.00,261.96,1019.00
Apr,2019.00,Coconut Water,244.00,265.75,1089.00
May,2019.00,Coconut Water,651.00,534.49,821.00
Jun,2019.00,Coconut Water,594.00,503.45,848.00
Jul,2019.00,Coconut Water,476.00,487.30,1024.00
Aug,2019.00,Coconut Water,406.00,411.13,1013.00
Sept,2019.00,Coconut Water,394.00,359.73,913.00
Oct,2019.00,Coconut Water,292.00,273.95,938.00
Nov,2019.00,Coconut Water,257.00,260.13,1012.00
Dec,2019.00,Coconut Water,299.00,283.99,950.00
Jan,2020.00,Coconut Water,1095.00,955.46,873.00
Feb,2020.00,Coconut Water,1454.00,1212.60,834.00
Mar,2020.00,Coconut Water,978.00,783.67,801.00
Apr,2020.00,Coconut Water,383.00,302.41,790.00
May,2020.00,Coconut Water,1400.00,1164.21,832.00
Jun,2020.00,Coconut Water,1835.00,1461.33,796.00
Jul,2020.00,Coconut Water,2259.00,1897.22,840.00
Aug,2020.00,Coconut Water,2092.00,1780.52,851.00
Sept,2020.00,Coconut Water,2312.00,2022.66,875.00
Oct,2020.00,Coconut Water,1917.00,1620.31,845.00
Nov,2020.00,Coconut Water,1586.00,1315.03,829.00
Dec,2020.00,Coconut Water,599.00,512.57,856.00
Jan,2021.00,Coconut Water,1562.00,1233.17,789.00
Feb,2021.00,Coconut Water,1810.00,1505.46,832.00
Mar,2021.00,Coconut Water,2916.00,2319.97,796.00
Apr,2021.00,Coconut Water,1892.00,1645.66,870.00
May,2021.00,Coconut Water,2107.00,1705.26,809.00
Jun,2021.00,Coconut Water,1997.00,1752.58,878.00
Jul,2021.00,Coconut Water,2709.00,2291.64,846.00
Aug,2021.00,Coconut Water,2342.00,1945.19,831.00
Sept,2021.00,Coconut Water,2292.00,2164.20,944.00
Oct,2021.00,Coconut Water,2432.00,2237.25,920.00
Nov,2021.00,Coconut Water,2087.00,1750.70,839.00
Dec,2021.00,Coconut Water,2268.00,1971.73,869.00
Jan,2022.00,Coconut Water,1816.00,1615.38,890.00
Feb,2022.00,Coconut Water,1966.00,1741.66,886.00
Mar,2022.00,Coconut Water,2970.00,2262.16,762.00
Apr,2022.00,Coconut Water,2099.00,1786.71,851.00
May,2022.00,Coconut Water,1985.00,1844.79,929.00
Jun,2022.00,Coconut Water,2151.00,1956.37,910.00
Jul,2022.00,Coconut Water,2444.00,2140.15,876.00
Aug,2022.00,Coconut Water,2850.00,2664.94,935.00
Sept,2022.00,Coconut Water,2686.00,2426.73,903.00
Oct,2022.00,Coconut Water,2041.00,1948.74,955.00
Nov,2022.00,Coconut Water,1880.00,1733.53,922.00
Dec,2022.00,Coconut Water,1596.00,1486.01,931.00
Jan,2023.00,Coconut Water,1783.00,1562.56,876.00
Feb,2023.00,Coconut Water,2705.00,2387.86,883.00
Mar,2023.00,Coconut Water,2711.00,2396.95,884.00
Apr,2023.00,Coconut Water,1421.00,1299.65,915.00
May,2023.00,Coconut Water,2744.00,2537.18,924.00
Jun,2023.00,Coconut Water,2633.00,2346.00,891.00
Jul,2023.00,Coconut Water,3169.00,2685.80,847.00
Aug,2023.00,Coconut Water,2586.00,2194.14,848.00
Sept,2023.00,Coconut Water,2028.00,1672.58,825.00
Oct,2023.00,Coconut Water,2479.00,2151.55,868.00
Nov,2023.00,Coconut Water,2419.00,2045.39,845.00
Dec,2023.00,Coconut Water,2540.00,2132.79,840.00
Jan,2024.00,Coconut Water,2322.00,1997.28,860.00
Feb,2024.00,Coconut Water,3439.00,2862.65,832.00
Mar,2024.00,Coconut Water,2739.00,2337.03,853.00
Apr,2024.00,Coconut Water,1886.00,1533.24,813.00
May,2024.00,Coconut Water,2962.00,2429.01,820.00
Jun,2024.00,Coconut Water,2265.00,1864.03,823.00
Jul,2024.00,Coconut Water,2404.00,2177.94,906.00
Aug,2024.00,Coconut Water,4725.00,4036.25,854.00
Sept,2024.00,Coconut Water,3566.00,2883.06,809.00
Oct,2024.00,Coconut Water,2872.00,2427.78,845.00
Nov,2024.00,Coconut Water,3537.00,3064.49,866.00
Dec,2024.00,Coconut Water,3631.00,3302.81,910.00
Jan,2015.00,Defatted Coconut,,,
Feb,2015.00,Defatted Coconut,,,
Mar,2015.00,Defatted Coconut,,,
Apr,2015.00,Defatted Coconut,,,
May,2015.00,Defatted Coconut,,,
Jun,2015.00,Defatted Coconut,,,
Jul,2015.00,Defatted Coconut,,,
Aug,2015.00,Defatted Coconut,,,
Sept,2015.00,Defatted Coconut,,,
Oct,2015.00,Defatted Coconut,,,
Nov,2015.00,Defatted Coconut,,,
Dec,2015.00,Defatted Coconut,,,
Jan,2016.00,Defatted Coconut,571.00,739.78,1296.00
Feb,2016.00,Defatted Coconut,443.00,510.10,1151.00
Mar,2016.00,Defatted Coconut,557.00,660.89,1187.00
Apr,2016.00,Defatted Coconut,438.00,496.27,1133.00
May,2016.00,Defatted Coconut,381.00,485.03,1273.00
Jun,2016.00,Defatted Coconut,395.00,475.20,1203.00
Jul,2016.00,Defatted Coconut,490.00,623.53,1273.00
Aug,2016.00,Defatted Coconut,400.00,468.06,1170.00
Sept,2016.00,Defatted Coconut,425.00,521.42,1227.00
Oct,2016.00,Defatted Coconut,475.00,583.48,1228.00
Nov,2016.00,Defatted Coconut,581.00,769.28,1324.00
Dec,2016.00,Defatted Coconut,574.00,733.25,1277.00
Jan,2017.00,Defatted Coconut,385.00,499.16,1297.00
Feb,2017.00,Defatted Coconut,395.00,549.33,1391.00
Mar,2017.00,Defatted Coconut,504.00,675.96,1341.00
Apr,2017.00,Defatted Coconut,503.00,719.59,1431.00
May,2017.00,Defatted Coconut,443.00,656.52,1482.00
Jun,2017.00,Defatted Coconut,571.00,864.03,1513.00
Jul,2017.00,Defatted Coconut,562.00,789.40,1405.00
Aug,2017.00,Defatted Coconut,476.00,697.64,1466.00
Sept,2017.00,Defatted Coconut,503.00,816.83,1624.00
Oct,2017.00,Defatted Coconut,400.00,689.12,1723.00
Nov,2017.00,Defatted Coconut,481.00,784.05,1630.00
Dec,2017.00,Defatted Coconut,429.00,660.22,1539.00
Jan,2018.00,Defatted Coconut,502.00,850.80,1695.00
Feb,2018.00,Defatted Coconut,406.00,655.04,1613.00
Mar,2018.00,Defatted Coconut,681.00,1048.63,1540.00
Apr,2018.00,Defatted Coconut,309.00,473.39,1530.00
May,2018.00,Defatted Coconut,524.00,829.38,1583.00
Jun,2018.00,Defatted Coconut,436.00,661.69,1518.00
Jul,2018.00,Defatted Coconut,506.00,684.31,1352.00
Aug,2018.00,Defatted Coconut,448.00,572.16,1277.00
Sept,2018.00,Defatted Coconut,549.00,556.51,1014.00
Oct,2018.00,Defatted Coconut,482.00,559.20,1160.00
Nov,2018.00,Defatted Coconut,577.00,665.72,1154.00
Dec,2018.00,Defatted Coconut,367.00,418.61,1141.00
Jan,2019.00,Defatted Coconut,329.00,381.65,1160.00
Feb,2019.00,Defatted Coconut,420.00,419.67,999.00
Mar,2019.00,Defatted Coconut,264.00,305.62,1158.00
Apr,2019.00,Defatted Coconut,163.00,185.49,1138.00
May,2019.00,Defatted Coconut,264.00,288.61,1093.00
Jun,2019.00,Defatted Coconut,98.00,129.06,1317.00
Jul,2019.00,Defatted Coconut,156.00,162.28,1040.00
Aug,2019.00,Defatted Coconut,269.00,265.13,986.00
Sept,2019.00,Defatted Coconut,384.00,367.90,958.00
Oct,2019.00,Defatted Coconut,196.00,245.76,1254.00
Nov,2019.00,Defatted Coconut,192.00,176.46,920.00
Dec,2019.00,Defatted Coconut,171.00,189.12,1106.00
Jan,2020.00,Defatted Coconut,252.00,267.52,1061.00
Feb,2020.00,Defatted Coconut,608.00,751.95,1237.00
Mar,2020.00,Defatted Coconut,215.00,268.06,1247.00
Apr,2020.00,Defatted Coconut,162.00,179.38,1107.00
May,2020.00,Defatted Coconut,380.00,394.46,1038.00
Jun,2020.00,Defatted Coconut,457.00,425.87,932.00
Jul,2020.00,Defatted Coconut,355.00,412.76,1163.00
Aug,2020.00,Defatted Coconut,210.00,255.84,1218.00
Sept,2020.00,Defatted Coconut,214.00,292.16,1365.00
Oct,2020.00,Defatted Coconut,144.00,221.87,1541.00
Nov,2020.00,Defatted Coconut,112.00,185.78,1659.00
Dec,2020.00,Defatted Coconut,194.00,305.35,1574.00
Jan,2021.00,Defatted Coconut,222.00,502.88,2265.00
Feb,2021.00,Defatted Coconut,260.00,377.21,1451.00
Mar,2021.00,Defatted Coconut,159.00,238.96,1503.00
Apr,2021.00,Defatted Coconut,137.00,233.31,1703.00
May,2021.00,Defatted Coconut,98.00,176.85,1805.00
Jun,2021.00,Defatted Coconut,200.00,291.28,1456.00
Jul,2021.00,Defatted Coconut,289.00,411.39,1424.00
Aug,2021.00,Defatted Coconut,252.00,384.00,1524.00
Sept,2021.00,Defatted Coconut,296.00,428.45,1447.00
Oct,2021.00,Defatted Coconut,615.00,872.45,1419.00
Nov,2021.00,Defatted Coconut,628.00,922.67,1470.00
Dec,2021.00,Defatted Coconut,220.00,341.03,1550.00
Jan,2022.00,Defatted Coconut,293.00,396.43,1353.00
Feb,2022.00,Defatted Coconut,428.00,606.58,1417.00
Mar,2022.00,Defatted Coconut,563.00,698.28,1240.00
Apr,2022.00,Defatted Coconut,365.00,493.35,1352.00
May,2022.00,Defatted Coconut,328.00,434.16,1324.00
Jun,2022.00,Defatted Coconut,511.00,630.25,1233.00
Jul,2022.00,Defatted Coconut,555.00,524.08,944.00
Aug,2022.00,Defatted Coconut,803.00,830.60,1034.00
Sept,2022.00,Defatted Coconut,599.00,600.90,1003.00
Oct,2022.00,Defatted Coconut,417.00,429.91,1031.00
Nov,2022.00,Defatted Coconut,239.00,241.31,1010.00
Dec,2022.00,Defatted Coconut,223.00,231.38,1038.00
Jan,2023.00,Defatted Coconut,341.00,349.03,1024.00
Feb,2023.00,Defatted Coconut,389.00,385.12,991.00
Mar,2023.00,Defatted Coconut,194.00,232.82,1198.00
Apr,2023.00,Defatted Coconut,99.00,100.05,1012.00
May,2023.00,Defatted Coconut,210.00,239.05,1138.00
Jun,2023.00,Defatted Coconut,226.00,257.27,1136.00
Jul,2023.00,Defatted Coconut,165.00,158.49,959.00
Aug,2023.00,Defatted Coconut,159.00,140.32,884.00
Sept,2023.00,Defatted Coconut,182.00,177.80,976.00
Oct,2023.00,Defatted Coconut,168.00,164.18,976.00
Nov,2023.00,Defatted Coconut,146.00,137.60,944.00
Dec,2023.00,Defatted Coconut,86.00,85.14,993.00
Jan,2024.00,Defatted Coconut,333.00,184.59,555.00
Feb,2024.00,Defatted Coconut,156.00,171.55,1101.00
Mar,2024.00,Defatted Coconut,149.00,180.08,1205.00
Apr,2024.00,Defatted Coconut,228.00,237.69,1041.00
May,2024.00,Defatted Coconut,221.00,217.06,983.00
Jun,2024.00,Defatted Coconut,187.00,198.19,1062.00
Jul,2024.00,Defatted Coconut,43.00,34.27,799.00
Aug,2024.00,Defatted Coconut,133.00,194.31,1456.00
Sept,2024.00,Defatted Coconut,168.00,154.64,923.00
Oct,2024.00,Defatted Coconut,333.00,573.16,1719.00
Nov,2024.00,Defatted Coconut,979.00,1829.05,1868.00
Dec,2024.00,Defatted Coconut,1118.00,2084.93,1865.00
Jan,2015.00,Coconut Flour,,,
Feb,2015.00,Coconut Flour,,,
Mar,2015.00,Coconut Flour,,,
Apr,2015.00,Coconut Flour,,,
May,2015.00,Coconut Flour,,,
Jun,2015.00,Coconut Flour,,,
Jul,2015.00,Coconut Flour,,,
Aug,2015.00,Coconut Flour,,,
Sept,2015.00,Coconut Flour,,,
Oct,2015.00,Coconut Flour,,,
Nov,2015.00,Coconut Flour,,,
Dec,2015.00,Coconut Flour,,,
Jan,2016.00,Coconut Flour,21.00,15.68,746.00
Feb,2016.00,Coconut Flour,17.00,18.98,1116.00
Mar,2016.00,Coconut Flour,10.00,9.61,983.00
Apr,2016.00,Coconut Flour,64.00,55.35,863.00
May,2016.00,Coconut Flour,95.00,74.44,784.00
Jun,2016.00,Coconut Flour,57.00,44.94,788.00
Jul,2016.00,Coconut Flour,71.00,56.68,802.00
Aug,2016.00,Coconut Flour,36.00,34.27,955.00
Sept,2016.00,Coconut Flour,135.00,88.83,658.00
Oct,2016.00,Coconut Flour,63.00,85.57,1360.00
Nov,2016.00,Coconut Flour,86.00,100.87,1172.00
Dec,2016.00,Coconut Flour,67.00,73.30,1087.00
Jan,2017.00,Coconut Flour,105.00,141.29,1346.00
Feb,2017.00,Coconut Flour,46.00,59.54,1294.00
Mar,2017.00,Coconut Flour,119.00,153.34,1289.00
Apr,2017.00,Coconut Flour,54.00,47.72,884.00
May,2017.00,Coconut Flour,82.00,88.84,1083.00
Jun,2017.00,Coconut Flour,85.00,113.72,1338.00
Jul,2017.00,Coconut Flour,149.00,198.60,1333.00
Aug,2017.00,Coconut Flour,179.00,222.48,1243.00
Sept,2017.00,Coconut Flour,80.00,81.62,1020.00
Oct,2017.00,Coconut Flour,120.00,163.44,1362.00
Nov,2017.00,Coconut Flour,103.00,154.92,1504.00
Dec,2017.00,Coconut Flour,58.00,66.09,1139.00
Jan,2018.00,Coconut Flour,84.00,98.90,1177.00
Feb,2018.00,Coconut Flour,37.00,82.23,2222.00
Mar,2018.00,Coconut Flour,63.00,70.16,1114.00
Apr,2018.00,Coconut Flour,78.00,99.41,1274.00
May,2018.00,Coconut Flour,83.00,142.12,1712.00
Jun,2018.00,Coconut Flour,90.00,121.77,1353.00
Jul,2018.00,Coconut Flour,132.00,201.09,1523.00
Aug,2018.00,Coconut Flour,207.00,236.47,1142.00
Sept,2018.00,Coconut Flour,254.00,481.83,1897.00
Oct,2018.00,Coconut Flour,276.00,364.48,1321.00
Nov,2018.00,Coconut Flour,180.00,243.39,1352.00
Dec,2018.00,Coconut Flour,186.00,284.39,1529.00
Jan,2019.00,Coconut Flour,119.00,152.08,1278.00
Feb,2019.00,Coconut Flour,127.00,161.75,1274.00
Mar,2019.00,Coconut Flour,327.00,495.86,1516.00
Apr,2019.00,Coconut Flour,181.00,199.52,1102.00
May,2019.00,Coconut Flour,161.00,212.98,1323.00
Jun,2019.00,Coconut Flour,147.00,165.99,1129.00
Jul,2019.00,Coconut Flour,198.00,199.16,1006.00
Aug,2019.00,Coconut Flour,152.00,160.46,1056.00
Sept,2019.00,Coconut Flour,117.00,109.83,939.00
Oct,2019.00,Coconut Flour,133.00,182.38,1371.00
Nov,2019.00,Coconut Flour,127.00,144.88,1141.00
Dec,2019.00,Coconut Flour,173.00,163.81,947.00
Jan,2020.00,Coconut Flour,139.00,166.63,1195.00
Feb,2020.00,Coconut Flour,157.00,191.46,1220.00
Mar,2020.00,Coconut Flour,139.00,166.68,1199.00
Apr,2020.00,Coconut Flour,141.00,145.09,1029.00
May,2020.00,Coconut Flour,166.00,176.61,1064.00
Jun,2020.00,Coconut Flour,379.00,399.45,1054.00
Jul,2020.00,Coconut Flour,431.00,488.66,1134.00
Aug,2020.00,Coconut Flour,490.00,569.19,1162.00
Sept,2020.00,Coconut Flour,472.00,545.93,1157.00
Oct,2020.00,Coconut Flour,414.00,510.56,1233.00
Nov,2020.00,Coconut Flour,352.00,421.79,1198.00
Dec,2020.00,Coconut Flour,350.00,436.59,1247.00
Jan,2021.00,Coconut Flour,171.00,224.22,1311.00
Feb,2021.00,Coconut Flour,254.00,319.97,1260.00
Mar,2021.00,Coconut Flour,511.00,642.20,1257.00
Apr,2021.00,Coconut Flour,259.00,365.41,1411.00
May,2021.00,Coconut Flour,390.00,509.07,1305.00
Jun,2021.00,Coconut Flour,440.00,527.10,1198.00
Jul,2021.00,Coconut Flour,500.00,634.79,1270.00
Aug,2021.00,Coconut Flour,329.00,381.20,1159.00
Sept,2021.00,Coconut Flour,214.00,279.92,1308.00
Oct,2021.00,Coconut Flour,288.00,387.29,1345.00
Nov,2021.00,Coconut Flour,326.00,365.03,1120.00
Dec,2021.00,Coconut Flour,360.00,385.54,1071.00
Jan,2022.00,Coconut Flour,134.00,169.99,1269.00
Feb,2022.00,Coconut Flour,295.00,279.73,948.00
Mar,2022.00,Coconut Flour,202.00,189.53,938.00
Apr,2022.00,Coconut Flour,248.00,205.58,829.00
May,2022.00,Coconut Flour,277.00,226.97,819.00
Jun,2022.00,Coconut Flour,434.00,432.88,997.00
Jul,2022.00,Coconut Flour,272.00,249.38,917.00
Aug,2022.00,Coconut Flour,191.00,227.55,1191.00
Sept,2022.00,Coconut Flour,230.00,278.75,1212.00
Oct,2022.00,Coconut Flour,240.00,243.84,1016.00
Nov,2022.00,Coconut Flour,218.00,206.72,948.00
Dec,2022.00,Coconut Flour,314.00,286.48,912.00
Jan,2023.00,Coconut Flour,163.00,145.58,893.00
Feb,2023.00,Coconut Flour,226.00,190.85,845.00
Mar,2023.00,Coconut Flour,182.00,154.81,850.00
Apr,2023.00,Coconut Flour,147.00,101.41,688.00
May,2023.00,Coconut Flour,429.00,354.78,827.00
Jun,2023.00,Coconut Flour,251.00,217.35,867.00
Jul,2023.00,Coconut Flour,377.00,353.64,938.00
Aug,2023.00,Coconut Flour,338.00,335.05,992.00
Sept,2023.00,Coconut Flour,413.00,344.25,834.00
Oct,2023.00,Coconut Flour,416.00,328.99,792.00
Nov,2023.00,Coconut Flour,317.00,259.16,818.00
Dec,2023.00,Coconut Flour,335.00,314.08,936.00
Jan,2024.00,Coconut Flour,187.00,211.37,1132.00
Feb,2024.00,Coconut Flour,338.00,282.76,836.00
Mar,2024.00,Coconut Flour,342.00,298.82,874.00
Apr,2024.00,Coconut Flour,327.00,291.85,893.00
May,2024.00,Coconut Flour,385.00,379.35,985.00
Jun,2024.00,Coconut Flour,450.00,381.68,848.00
Jul,2024.00,Coconut Flour,387.00,398.11,1028.00
Aug,2024.00,Coconut Flour,395.00,377.97,957.00
Sept,2024.00,Coconut Flour,309.00,302.29,978.00
Oct,2024.00,Coconut Flour,264.00,286.08,1082.00
Nov,2024.00,Coconut Flour,227.00,282.37,1246.00
Dec,2024.00,Coconut Flour,316.00,358.48,1133.00
